,customer_name,review_date,review_title,review_ratings,review_content,review_size,sentiment,roberta_sentiment,vader_sentiment,roberta_neg,roberta_neu,roberta_pos,vader_neg,vader_pos,vader_comp
0,Cherry Jo,2023-01-18,Excellent,5.0,Excellent,9,Positive,Neutral,Positive,0.1682467,0.4801585,0.3515948,0.0,1.0,0.5719
1,Krishnendu Paul,2022-11-19,Good,4.0,Good Product üëç,14,Positive,Positive,Positive,0.004585557,0.07783183,0.9175826,0.0,0.744,0.4404
2,Rajasekhar Yadav Ponnaganti,2022-12-26,Don't suggest,3.0,Difficult to wear it.,21,Neutral,Neutral,Negative,0.38024965,0.5713925,0.048357815,0.455,0.0,-0.3612
3,Ajay,2022-11-27,Decently good product,5.0,Was a little tight but overall product is great.,48,Positive,Positive,Positive,0.0069758776,0.060144804,0.9328794,0.0,0.447,0.7684
4,Excess,2022-10-14,"Not so special. Go for Durex Air, maybe",3.0,"It's too pricy. But, quality wise its: having less girth than Durex Air. May feel constricting to some.It's only somehow transparent in looks. Thickness is like other super thin condoms.So,its price is not justified.",216,Neutral,Negative,Positive,0.70219207,0.26365393,0.034154028,0.063,0.279,0.8971
5,ritendra y.,2022-11-13,Dont believe on shopkeepers,5.0,Out of 10 only 8 pecies and packet cover wrap /seal was broken,62,Negative,Negative,Negative,0.59605664,0.38777912,0.01616428,0.22,0.0,-0.4767
6,K Nagesh Kamath,2022-11-21,Very good,5.0,As said Invisible,17,Neutral,Neutral,Neutral,0.20924282,0.662742,0.12801516,0.0,0.0,0.0
7,Shivendra Jamwal,2022-07-31,Risky product there is chance it broke while doing that üò¨üò¨,4.0,It broked the first time I used it while doing it no guts left to use this product again.Use it if you want to use protection but also thinking about a child,157,Negative,Negative,Negative,0.46854392,0.4631921,0.0682639,0.052,0.037,-0.1154
8,Amazon Customer,2022-10-23,Perfect,5.0,I am using this form last 3 years this is so commutable...,58,Positive,Positive,Neutral,0.00629159,0.19771448,0.795994,0.0,0.0,0.0
9,Amazon Customer,2022-09-11,Ok,5.0,Ok,2,Positive,Neutral,Positive,0.17729454,0.5264875,0.29621792,0.0,1.0,0.296
10,Cherry Jo,2023-01-18,Excellent,5.0,Excellent,9,Positive,Neutral,Positive,0.1682467,0.4801585,0.3515948,0.0,1.0,0.5719
11,Krishnendu Paul,2022-11-19,Good,4.0,Good Product üëç,14,Positive,Positive,Positive,0.004585557,0.07783183,0.9175826,0.0,0.744,0.4404
12,Rajasekhar Yadav Ponnaganti,2022-12-26,Don't suggest,3.0,Difficult to wear it.,21,Neutral,Neutral,Negative,0.38024965,0.5713925,0.048357815,0.455,0.0,-0.3612
13,Ajay,2022-11-27,Decently good product,5.0,Was a little tight but overall product is great.,48,Positive,Positive,Positive,0.0069758776,0.060144804,0.9328794,0.0,0.447,0.7684
14,Excess,2022-10-14,"Not so special. Go for Durex Air, maybe",3.0,"It's too pricy. But, quality wise its: having less girth than Durex Air. May feel constricting to some.It's only somehow transparent in looks. Thickness is like other super thin condoms.So,its price is not justified.",216,Neutral,Negative,Positive,0.70219207,0.26365393,0.034154028,0.063,0.279,0.8971
15,ritendra y.,2022-11-13,Dont believe on shopkeepers,5.0,Out of 10 only 8 pecies and packet cover wrap /seal was broken,62,Negative,Negative,Negative,0.59605664,0.38777912,0.01616428,0.22,0.0,-0.4767
16,K Nagesh Kamath,2022-11-21,Very good,5.0,As said Invisible,17,Neutral,Neutral,Neutral,0.20924282,0.662742,0.12801516,0.0,0.0,0.0
17,Shivendra Jamwal,2022-07-31,Risky product there is chance it broke while doing that üò¨üò¨,4.0,It broked the first time I used it while doing it no guts left to use this product again.Use it if you want to use protection but also thinking about a child,157,Negative,Negative,Negative,0.46854392,0.4631921,0.0682639,0.052,0.037,-0.1154
18,Amazon Customer,2022-10-23,Perfect,5.0,I am using this form last 3 years this is so commutable...,58,Positive,Positive,Neutral,0.00629159,0.19771448,0.795994,0.0,0.0,0.0
19,Amazon Customer,2022-09-11,Ok,5.0,Ok,2,Positive,Neutral,Positive,0.17729454,0.5264875,0.29621792,0.0,1.0,0.296
20,Harit Mehta,2022-04-11,Thinnest Condom...Feels Best..,5.0,Best Condom...,14,Positive,Positive,Positive,0.006081071,0.16626917,0.8276498,0.0,0.808,0.6369
21,subhojit banerjee,2022-06-09,"Durable, thinner than others mf/ks/durex extra thin",5.0,"It is thinner than other products available in the market, little bit costlier side, super strong to broke apart, enough lubes to resist friction.",146,Positive,Positive,Positive,0.02983165,0.45889753,0.5112708,0.09,0.232,0.6597
22,aswin,2022-07-09,Feel sooo good and more pleasure,5.0,"It feel so good and so much pleasure for both, doesn't even feel like wearing... Best one ever loved itü§©‚ù§Ô∏è",106,Positive,Positive,Positive,0.0021692978,0.004808577,0.99302214,0.064,0.48,0.9404
23,Log out now!,2022-04-24,32 bucks a condom folks! Why?,4.0,"Between Durex Air and this, I honestly don't see as big a difference to justify almost twice the cost.What else? I can't really share a picture now, can I? >:",158,Negative,Negative,Negative,0.7485443,0.2272341,0.024221584,0.174,0.109,-0.2651
24,Ashish Kumar,2022-03-10,Good one,5.0,Try with lube,13,Neutral,Neutral,Neutral,0.17624183,0.76808107,0.05567705,0.0,0.0,0.0
25,Ashish Kumar,2022-09-25,Hole,5.0,There was a hole in 1 of them,29,Neutral,Neutral,Neutral,0.45097488,0.52109295,0.027932145,0.0,0.0,0.0
26,Hilton Fernandes,2022-01-10,Good,5.0,Good,4,Positive,Positive,Positive,0.06079348,0.329428,0.6097785,0.0,1.0,0.4404
27,Greeshma.,2022-06-13,Quickly Blast,3.0,"Phat jata hai ,While doing sex...so be careful and must be investigated after sex...",84,Neutral,Negative,Positive,0.5178162,0.46409237,0.018091477,0.0,0.11,0.1531
28,Sk,2022-07-09,It's have best condom ever it fell sooo goood and make me fell happy during intercourse no side effe,5.0,Excellent product from durex superb,35,Positive,Positive,Positive,0.0037732986,0.037917454,0.95830923,0.0,0.722,0.8316
29,sachin kumar sharma,2022-01-19,Dont buy this one.,3.0,"Like-Super thinDislike- Length is short and size is smaller which makes it uncomfortable. If you don't put up carefully,  it can burst like in my case(twice).  If you want to use invisible ones,  go for Okamoto. It will cost more than twice per piece but is worth it.Otherwise,  regular ones from Durex are better.",314,Positive,Neutral,Positive,0.22242263,0.5458162,0.23176119,0.05,0.151,0.7282
30,Samarth,2020-11-18,No discreet delivery from Cloudtail,3.0,"The product is amazing. Feels absolute real and very different from other lines of product from Durex. A must try for everyone. Wont be useful for people who have long lasting issues. Hence, use accordingly. However I have deducted 2 stars for Amazon. Considering a cloudtail delivery I was hopeful that it would be a discreet delivery. They wrote Item Type as Condoms. Really embarrassing when the courier person gives u stares. Especially in cities like Lucknow they have more weird mindsets even in today's modern era. Amazon please show up some responsibility. I see such complaints in other reviews too.",608,Positive,Positive,Positive,0.3294626,0.3274976,0.34303978,0.092,0.143,0.6779
31,RAFI,2022-08-22,Wonderful,5.0,Superb condoms,14,Positive,Positive,Positive,0.009600015,0.19152623,0.7988737,0.0,0.804,0.6249
32,Md Abbas,2022-05-25,"breaks easily, thin but not strong enough to server purpose",3.0,"risky to use, it easily broke. not just wastage, risky too.",59,Negative,Negative,Negative,0.79291457,0.19000651,0.017078971,0.405,0.152,-0.4588
33,chitra mule,2022-03-15,Disappointed,3.0,Not worth for 400 bucks as i wud say climax or mutual is much more great and gives pleasure also gel gets dry very quickly which can hurt partner while intercourse as it gets dry n rough,186,Positive,Neutral,Positive,0.39090723,0.4071052,0.20198758,0.115,0.183,0.6158
34,Sandy,2022-03-07,Mr. India,5.0,My dick feels like Mr. India after wearing this condom ü§™ Got a wonderful condom after a long time.,98,Positive,Positive,Positive,0.0141144,0.13053994,0.8553456,0.147,0.276,0.4404
35,Chandan Jha,2021-07-19,good in comfort. better longevity than other popular brands.,4.0,"good longevity, good comfort. Little costlier than other brands but the quality is worth the price.additionally, Amazon ensures a fast as well as discreet packaging.If irritated with tearing/breaking of condoms of brands like KS or manforce, this is probably the most reliable choice.",284,Positive,Positive,Positive,0.015722118,0.16803855,0.8162393,0.074,0.296,0.8381
36,Ajay Jagdeva,2022-06-18,This is super thin,5.0,It will make you feel like you are not wearing anything. Just give you same feelings of going bare inside.,106,Positive,Neutral,Positive,0.29577243,0.6156218,0.08860573,0.0,0.116,0.3612
37,Nathan,2023-11-01,Received opened package with just 4 pieces inside the packet. Horrible delivery service,1.0,"Great product, love to use it, durable and tense to invisible, it's costly,  use it for once‡•§",93,Positive,Positive,Positive,0.012016763,0.045486525,0.9424967,0.151,0.331,0.7579
38,Nathan,2022-06-18,Best product,5.0,Good quality,12,Positive,Positive,Positive,0.029416436,0.32599074,0.64459276,0.0,0.744,0.4404
39,A K singh,2022-07-19,Good,5.0,Very good product,17,Positive,Positive,Positive,0.0044138674,0.034924768,0.9606613,0.0,0.615,0.4927
40,Dr shakti Soni,2022-08-02,Good,4.0,Good quality,12,Positive,Positive,Positive,0.029416436,0.32599074,0.64459276,0.0,0.744,0.4404
41,SOURAV ROY,2022-07-15,Good product,5.0,It's feel nothing u wear ..most thin and light condom,53,Neutral,Neutral,Neutral,0.194339,0.7278173,0.07784372,0.0,0.0,0.0
42,Pradeep Kumar,2021-08-13,IT IS SHIPPED IN A BOX WITH PRODUCT DETAILS PASTED OUTSIDE,4.0,The product is excellent. But beware of the proclamations made by Amazon. It was shipped in a box with the invoice pasted outside clearly mentioning the product . So much for privacy üòë,184,Positive,Positive,Positive,0.26864737,0.35736403,0.37398857,0.0,0.227,0.7876
43,Zulphikar,2021-03-10,Super Ultra Thin,5.0,"This is really good. It's actually better than other products. I have used other extra thin products of Durex & other companies, but this one is the best.I have seen reviews with concerns about sturdiness. Just because it's thin doesn't mean it's easily torn.It is expensive and I would not say it's value for money. But if you are looking for an actually thin product that boosts your pleasure go for it.",405,Positive,Positive,Positive,0.007719719,0.042052425,0.9502279,0.064,0.15,0.7869
44,Parvez Khan,2021-03-22,Awesome,4.0,"Best condoms ever, you can feel your viens of the dick, feels real but feels tight on my dick  & because of that it feels very tight & uncomfortable when you ejaculate. But in terms of feel its the best condom you can get as it takes you closer to the real feeling.",265,Positive,Positive,Negative,0.04267613,0.20764121,0.7496826,0.159,0.155,-0.0689
45,Milan Mandi,2022-07-01,Nice,4.0,nice thing,10,Positive,Positive,Positive,0.016787546,0.1453301,0.83788234,0.0,0.737,0.4215
46,SARAT CHANDRA NAYAK,2022-08-01,Good,4.0,Good,4,Positive,Positive,Positive,0.06079348,0.329428,0.6097785,0.0,1.0,0.4404
47,Biswajit R.,2022-02-01,Product not as expected,3.0,"Product is not up to that much which call ""satisfactory"". Price is high as compared to other products which are to some extent more ""satisfactory"".",147,Neutral,Neutral,Neutral,0.41810322,0.47957128,0.10232547,0.0,0.0,0.0
48,Amazon Customer,2021-09-14,It‚Äôs doesn‚Äôt come out stuck to it,4.0,Its stability does not come our stick to the ultra thin no leak,63,Neutral,Neutral,Negative,0.3131312,0.64441204,0.042456772,0.295,0.0,-0.5574
49,Dr.Vasisth PATEL,2022-06-02,A bit thinner than Air,3.0,Better go for Air as there is no such significant difference between the two.,77,Positive,Neutral,Positive,0.2697253,0.63056314,0.099711575,0.123,0.263,0.3612
50,jeeban kumar das,2021-11-28,Nice,4.0,Good,4,Positive,Positive,Positive,0.06079348,0.329428,0.6097785,0.0,1.0,0.4404
51,Abhi,2020-09-20,"Very costly, ultra thin is good",4.0,Invisible seems ok but not that much relevant. It is really costly item. Ultra thin is really good thing in this. It gives you sensitive feeling. I got less lubricated Other than that it seems another piece. If you really want to feel ultra thin to get more pleasure then recommended product.,292,Positive,Positive,Positive,0.08695434,0.347104,0.56594163,0.032,0.277,0.939
52,Rajesh S,2022-10-27,My trip cut short because of this,1.0,"For the first time Durex failed me. It burst on the first day of my trip to Thailand. Thankfully had pep with me and the other person is negative. Being paranoid, I returned the next day. My trip was cut short.",210,Negative,Negative,Negative,0.799306,0.17486987,0.025824154,0.227,0.057,-0.8074
53,NITHIN,2021-05-18,Discreet Delivery laugh riot,5.0,What is called a Discreet delivery if the product details Condom is mentioned on the front when you deliver ???Please remove the discreet delivery from the images ... Lol that's huge embarrassment for Amazon and me... Even the delivery guy knows what's in it and whomsoever receives it ... Great work keep going... Next time I would go to a shop far away and buy myself...,372,Neutral,Negative,Positive,0.41377443,0.35358593,0.23263958,0.039,0.187,0.8702
54,Yaduvir Gautam,2020-07-11,Do condoms come with SIZES?,3.0,"after a good amount of research and experience i found out that condoms.come with sizes produnced on the avrage size of the countrymen. these are very slick/thin condoms, good built quality but if you have a thick shaft with a better than average length, THESE ARE NOT MADE FOR YOU, otheriwse you're up for a very new experience with the thinest latex i've ever seen on a condom.",379,Neutral,Negative,Positive,0.55833745,0.3570804,0.08458215,0.0,0.116,0.775
55,Vikash,2021-02-06,No discret delivery,4.0,No discret delivery else everything good but it doesn't matter about delivery if anyone can sell then we can also buy so no problem,131,Positive,Positive,Negative,0.026811618,0.29968265,0.6735057,0.333,0.062,-0.819
56,PRABIR JENA,2021-07-06,Yoyo,4.0,Nice quality . . . . . . . . . . . . . . . . . . .,50,Positive,Positive,Positive,0.015605985,0.13410611,0.8502879,0.0,0.737,0.4215
57,Hemavathy,2022-12-13,Not Good,1.0,waste,5,Negative,Negative,Negative,0.7435427,0.2216215,0.03483585,1.0,0.0,-0.4215
58,Vishakh,2021-06-27,Good choice but high price.,4.0,This is drying faster. Good comfort and not that much costly I think. Rubber smell is there.,92,Positive,Positive,Positive,0.093397744,0.38883278,0.5177695,0.0,0.34,0.6904
59,Mayur Laniya,2022-05-13,DON'T BUY IT.,2.0,Don't buy this product. nothing new in this premium and regular product.I used both this one and regular/cheaper and I didn't feel anything.Not worthy.DON'T BUY IT.,164,Negative,Negative,Neutral,0.95242816,0.042370502,0.0052012857,0.0,0.0,0.0
60,Shibu,2022-12-05,Good,5.0,5 star,6,Neutral,Neutral,Neutral,0.070687406,0.5409714,0.38834116,0.0,0.0,0.0
61,Gurpreet Singh,2020-10-18,Thin and less lubrication,4.0,No doubt it is very light condom and very thin. You will feel it when open it. The only issue is that lubrication is very less and when you roll into P***s. It gets stuck.,171,Neutral,Neutral,Negative,0.40685642,0.48951048,0.10363314,0.173,0.0,-0.6908
62,Bulla,2022-03-17,Sometime Its Break,5.0,Itna Patla Hain ki Pehante Time Ulajh Jata Hain Or Thik karte karte Hero So Jata Hain,85,Positive,Neutral,Positive,0.097237386,0.86784637,0.03491632,0.0,0.184,0.5574
63,K K.,2020-12-24,Too much overpriced and discreet delivery was not followed,3.0,"It's definitely thinner than other condoms, but too much overpriced(I bought at 40/pc)on the name of thinnest condom in India.Other thing which I did not like that discreet delivery is promised but on the package item type condom is written, there is nothing discreet if you mention so.",286,Neutral,Negative,Positive,0.88404447,0.10707341,0.008882056,0.051,0.099,0.3474
64,SHAHUL ,2022-01-28,good,3.0,good,4,Positive,Positive,Positive,0.057428442,0.27954668,0.6630249,0.0,1.0,0.4404
65,Durgaprasad Panigrahy,2022-04-23,Exciting.....,5.0,Lasts long.... Really long,26,Neutral,Neutral,Neutral,0.23538707,0.5934936,0.17111936,0.0,0.0,0.0
66,KARAN PRABHU,2021-05-25,"Love sex durex, perfect item for use",5.0,"The product is everything that the package mentions, loved the product by durex , only problem was the boc contained the name of the product hence the claim of discreet delivery was false. But other than that the product is a little expensive but worth every rupee",264,Positive,Neutral,Positive,0.22226693,0.39083874,0.38689426,0.038,0.091,0.3725
67,Sehaj virk,2022-03-17,Very thin like nothing wear.,5.0,My gf love this so much all the time.,37,Positive,Positive,Positive,0.0017615533,0.0088079395,0.98943055,0.0,0.344,0.6369
68,Kishore,2022-04-03,Butter üßà smooth,5.0,It's like its there but not there. Rest you can imagine,55,Positive,Neutral,Positive,0.39716986,0.52370197,0.07912819,0.0,0.149,0.1901
69,Preet dhaNjal,2021-07-18,Really invisible,4.0,It really thinnest... Good product,34,Positive,Positive,Positive,0.003958389,0.061468206,0.93457335,0.0,0.443,0.4902
70,ganesh kumar,2022-09-06,Not for above average guys,2.0,"The condom broke almost everytime, yes we used lube.",52,Neutral,Neutral,Negative,0.39413825,0.5165783,0.08928342,0.229,0.198,-0.0972
71,Dr K,2021-08-24,Not invisible.. Visible,3.0,The amount is very high.. Not worthwhile for it rate... It is better if added some long lasting component like Benzalkonium ...,127,Positive,Neutral,Positive,0.38235494,0.46021497,0.1574301,0.086,0.202,0.4767
72,Lucky ,2021-07-23,.,4.0,It was little tight,19,Neutral,Neutral,Neutral,0.26790446,0.6615751,0.07052044,0.0,0.0,0.0
73,Nitesh Srivastava,2022-09-14,Very worst product don't buy anyone(minus -5 rating),1.0,"Zero rating for longevity, making customer to fool (not for value for money)&worst product. Donot buy this product by anyone.I can't give a single rating for this product..when we try to scan bar code it's show web couldn't be found...",235,Negative,Negative,Negative,0.92965436,0.064220056,0.0061255223,0.069,0.057,-0.128
74,Nitesh Srivastava,2022-04-14,Very slim sex,5.0,Very slim sex,13,Neutral,Neutral,Neutral,0.12555093,0.7838143,0.0906348,0.0,0.0,0.0
75,Sandeep,2020-08-09,It feel like its not there,5.0,The heat transfer was really quick which can make it feel like its not there. I have never had any issues with breaking with these and I have been using them for a long time. I am very happy with these and there is no reason for me to use any others. The smell too good. These never ever irritated me. They really feel great and they feel different than other. You must,369,Positive,Positive,Positive,0.004013358,0.015613033,0.9803736,0.027,0.2,0.9331
76,Sudhir Kumar,2021-03-12,OK product,3.0,Not for regular  size...,24,Neutral,Neutral,Neutral,0.4554014,0.50207233,0.042526226,0.0,0.0,0.0
77,Sudhir Kumar,2021-07-27,superb,4.0,just awesome...,15,Positive,Positive,Neutral,0.0086146565,0.05864058,0.93274474,0.0,0.0,0.0
78,muralikumar,2021-10-26,Average,3.0,It gets dry after some time.Lubricant required along with that.,63,Neutral,Neutral,Neutral,0.30762678,0.64941704,0.042956196,0.0,0.0,0.0
79,Irfan,2021-03-25,Plz take action,4.0,I have recived only 3boxs with three three condoms.one condom is missing i have orderderd 10 condoms.,101,Neutral,Neutral,Negative,0.40165544,0.55179286,0.046551663,0.136,0.0,-0.296
80,kasi,2021-07-31,Product,4.0,OK product,10,Positive,Neutral,Positive,0.17752796,0.5924077,0.23006436,0.0,0.746,0.4466
81,govindaraju.k,2021-03-12,Quality not okay,3.0,Rate high,9,Neutral,Neutral,Neutral,0.10400666,0.6638606,0.23213272,0.0,0.0,0.0
82,Nik,2022-12-03,Gives Skin to Skin feeling,5.0,Gives Skin to Skin feeling,26,Positive,Neutral,Positive,0.012044274,0.5881014,0.39985436,0.0,0.273,0.128
83,Rakesh Kumar,2021-12-17,Thanks,3.0,thanks,6,Positive,Neutral,Positive,0.08130966,0.57646096,0.34222934,0.0,1.0,0.4404
84,Mayur Chauhan,2020-12-09,Nice Product,5.0,"Durex Invisible Condoms give natural feel. Durex never disappoint me. These are condoms are really very thin and lubricant. Firstly You will feel like, it can be torn but no nothing is going to happen like this. Durex Invisible Condoms are the thinnest condoms in India, which provide high level of security and protection. And after use it doesn't leave any bad odour. I'm fully satisfied by this.",398,Positive,Positive,Positive,0.013521334,0.098891065,0.8875876,0.052,0.249,0.9362
85,G krishna,2021-11-24,Good,3.0,Good,4,Positive,Positive,Positive,0.06079348,0.329428,0.6097785,0.0,1.0,0.4404
86,Sandy,2021-07-14,Ok,4.0,OK product,10,Positive,Neutral,Positive,0.17752796,0.5924077,0.23006436,0.0,0.746,0.4466
87,Placeholder,2022-11-02,Nice experience,5.0,It provides immense pleasure. Go for it,39,Positive,Positive,Positive,0.0029383702,0.03466223,0.96239936,0.0,0.381,0.5719
88,Andy,2021-07-19,Very thin product,5.0,"I cannot give photo cause i was in red light area while using it ., product teared up a bit at last while in forced mode ., need to be a little more strong .,",158,Neutral,Negative,Positive,0.79275894,0.19161047,0.015630646,0.085,0.094,0.081
89,Sunil,2021-04-21,Compromises for making it slightly thinner,3.0,This is not noticably thinner than Durex air while 3 times expensive. Lacks elasticity of air which makes it more uncomfortable. It's clear tradeoff between thickness and comfort/ reliability.,192,Negative,Negative,Neutral,0.82724136,0.15597361,0.016785035,0.091,0.09,-0.0076
90,Rajdeep Das,2021-06-15,Definitely a good product,5.0,"Has 10 condoms, and nothing else to mention.You already know the brand, so you can blindly trust the quality and you get this for a lesser price than the pharmacy so what else are you waiting for?",196,Positive,Neutral,Positive,0.41569015,0.5105528,0.07375698,0.0,0.086,0.5106
91,SUFIYAN,2021-01-06,Superb...,4.0,"Long lasting, like skinny...",28,Positive,Neutral,Positive,0.02867973,0.7216999,0.2496204,0.0,0.455,0.3612
92,Tushar Jadhav,2022-03-20,Good,5.0,Good,4,Positive,Positive,Positive,0.06079348,0.329428,0.6097785,0.0,1.0,0.4404
93,Piyush,2021-02-18,Item is good but discreet delivery was violated.,4.0,Discreet delivery was violated. Thoroughly disappointed.,56,Negative,Negative,Negative,0.95778316,0.038724244,0.0034925614,0.629,0.0,-0.7778
94,Piyush,2022-04-04,Good feel but bad quality,2.0,"Feels like almost nothing is there, but often breaks even after following the given instructions. Wouldn't recommend.",117,Negative,Negative,Negative,0.8914038,0.09900275,0.009593492,0.137,0.09,-0.2299
95,Sans,2020-10-24,Couples must try this condom,5.0,"This is a great product for people who do not like using condoms, it is very thin and is very useful to use, you will not know whether you have worn it or not. Couples must buy this because it will show you a different enjoyment of the orgasm. Problem with me was delivery but the product is very good.",302,Positive,Positive,Positive,0.020568255,0.06824588,0.9111858,0.074,0.167,0.8037
96,Vicky jassal,2020-01-12,Thin and safe..,4.0,It is really good product if you need thin.. you feel heat during activitiy..,77,Positive,Positive,Positive,0.0030312215,0.03848201,0.95848674,0.0,0.197,0.4927
97,Vicky jassal,2021-07-03,Packaging goof up,3.0,"The product is fine, but why on earth does it have 'condom' written on the package when they claim 'diacreet packaging'? Please fix this.",137,Neutral,Negative,Positive,0.8294282,0.15223953,0.018332178,0.0,0.165,0.5187
98,Nassy,2021-07-13,This is better than all other.,5.0,I used almost all protection available in the Market. In durex tried all variants but this is better than rest from durex and others competitor's in case of sensitivity.,169,Positive,Positive,Positive,0.03628158,0.32160822,0.6421102,0.0,0.125,0.5927
99,Jigmat Sangay,2021-11-22,Awesome,5.0,Extremely thin love the product. My next order is always there. üëåüëå,66,Positive,Positive,Positive,0.0022671134,0.01160819,0.9861247,0.0,0.289,0.6682
100,RR,2021-06-14,Really invisible,5.0,"Nothing is in between you and her. You can feel her wetness and warmth, which make you drive her mad and hard. Good for all front and rear entry lovers.",152,Positive,Neutral,Positive,0.29082417,0.4516015,0.25757438,0.118,0.239,0.6908
101,Amazon Customer,2021-03-22,Good,4.0,Better among all thin condoms.,30,Positive,Neutral,Positive,0.08456961,0.68974483,0.2256855,0.0,0.42,0.4404
102,Kamal,2021-05-27,Good,4.0,Good,4,Positive,Positive,Positive,0.06079348,0.329428,0.6097785,0.0,1.0,0.4404
103,Amit sharma,2020-09-16,Invisible and super thin,5.0,As the name suggests it‚Äôs actually invisible. The Condom is super thin not just namesake also in use . The best part is typical smell of latex is not there which makes it even more desirable to use . Truly the Best Condom available in India .,242,Positive,Positive,Positive,0.005002668,0.040031537,0.95496583,0.0,0.313,0.9571
104,vijay,2022-10-20,Not worthy product,1.0,Low quality product,19,Negative,Negative,Negative,0.88245094,0.10947742,0.00807161,0.512,0.0,-0.2732
105,Dr vikas kumar,2021-08-29,Wastage of money,3.0,Wastage of money,16,Negative,Negative,Neutral,0.6086777,0.36355418,0.027768089,0.0,0.0,0.0
106,Rupom,2021-05-12,Just Wow,5.0,Nice Feelings and as the name implies.,38,Positive,Positive,Positive,0.005942924,0.15295023,0.8411069,0.0,0.318,0.4215
107,honey kumar,2020-12-15,No Discreet delivery,4.0,I recieved package. There is clearly mentioned about the product. No Discreet delivery.,87,Positive,Neutral,Positive,0.21698268,0.6450418,0.13797548,0.148,0.181,0.128
108,svm,2021-03-31,Good,4.0,Ok,2,Positive,Neutral,Positive,0.17729454,0.5264875,0.29621792,0.0,1.0,0.296
109,Lohit Sabar,2021-02-22,Must Buy,4.0,Nice & Comfortable,18,Positive,Positive,Positive,0.004942174,0.12672445,0.86833334,0.0,1.0,0.7269
110,Trideb S.,2021-11-21,Worth the money,5.0,Very positive response. It is worth the money.,46,Positive,Positive,Positive,0.0024019103,0.033845153,0.963753,0.0,0.491,0.6997
111,Khushi,2021-03-22,Good,4.0,Good,4,Positive,Positive,Positive,0.06079348,0.329428,0.6097785,0.0,1.0,0.4404
112,arindam R.,2021-12-25,Outstanding,5.0,Outstanding product,19,Positive,Positive,Positive,0.009300191,0.09837003,0.89232975,0.0,0.8,0.6124
113,Thirumala reddy,2021-04-03,Good,4.0,Good,4,Positive,Positive,Positive,0.06079348,0.329428,0.6097785,0.0,1.0,0.4404
114,SUBARNA,2022-06-01,Superb,5.0,Superb,6,Positive,Positive,Positive,0.0118907085,0.16899467,0.8191146,0.0,1.0,0.6249
115,User123,2021-07-01,Nice product.,4.0,Nice product.Thinnest one.,26,Positive,Positive,Positive,0.004655739,0.06821437,0.92712986,0.0,0.583,0.4215
116,gajanand,2021-12-23,Nice,5.0,Nice product,12,Positive,Positive,Positive,0.010234005,0.096474685,0.89329135,0.0,0.737,0.4215
117,Amit,2021-08-15,Its actually thin and invisible,5.0,It‚Äôs so damn good me and wife love it thank you durex for this amazing product as always,88,Positive,Positive,Positive,0.0023683633,0.0047199028,0.99291176,0.099,0.473,0.9078
118,Tarkeshvar,2022-02-16,Bad product,2.0,This product is break at sex time,33,Neutral,Neutral,Neutral,0.39172682,0.57139933,0.036873862,0.0,0.0,0.0
119,Dhanrajsinh Gohil,2022-05-10,Worst product ever!,1.0,Worst product ever!,19,Negative,Negative,Negative,0.96695197,0.028095754,0.0049523376,0.687,0.0,-0.6588
120,Hemant Kumar sahay,2021-07-17,Good product,5.0,I used 2 packets ossam fell i think all should try at least one time soon u will be fan,87,Positive,Positive,Positive,0.005509749,0.34097522,0.65351504,0.0,0.133,0.3182
121,Dhananjay,2021-11-02,Feels like nothing is there. üòç,5.0,Bought after reading üìñ reviews.Matched to expectations.Feels like nothing is there. üòçTransparent like glass.Partner loves it.Feels price is too much but worth buying.,166,Positive,Positive,Positive,0.021952143,0.09314991,0.88489795,0.0,0.313,0.7351
122,Subhash Sharma,2022-01-09,worthless,1.0,ultra thin is much better than this one.,40,Positive,Positive,Positive,0.124984704,0.394996,0.4800193,0.0,0.293,0.4404
123,ROHIT KUMAR GUPTA,2020-08-09,Enjoying itü§©,5.0,"Our testers loved this generously sized polyisoprene condom, which offers less odor, more heat transfer, and a softer texture than traditional latex. While it is big, people with much larger penises may find it to be too snug.",226,Positive,Positive,Positive,0.0146806,0.11868303,0.86663634,0.0,0.17,0.7992
124,Nasim,2020-10-10,Only Thin...,4.0,"Thin no doubt, OK!",18,Positive,Positive,Negative,0.009118785,0.23363739,0.7572439,0.559,0.329,-0.2638
125,Saurabh,2021-10-05,Not as promised,3.0,Small in size and one was broken.,33,Negative,Negative,Negative,0.7051702,0.2809048,0.01392503,0.341,0.0,-0.4767
126,Vikram Singh,2022-01-30,Poor quality,2.0,Poor quality. Nothing special. Not recommended,46,Negative,Negative,Negative,0.95130116,0.043664042,0.0050347946,0.547,0.147,-0.602
127,Rohit,2021-02-08,Invisible,5.0,The name suits the product it os indeed invisible... We enjoyed it thank u durex,80,Positive,Positive,Positive,0.0020100453,0.01784256,0.98014736,0.0,0.326,0.7003
128,Imran,2021-08-12,Nice,5.0,Nice,4,Positive,Positive,Positive,0.06603809,0.35445273,0.5795092,0.0,1.0,0.4215
129,Amazon Customer,2020-11-22,It's good,4.0,Good one,8,Positive,Positive,Positive,0.01295148,0.15046954,0.83657897,0.0,0.744,0.4404
130,taru,2021-10-27,Nice,5.0,Product is as promised,22,Positive,Neutral,Positive,0.08610736,0.7006621,0.21323061,0.0,0.455,0.3612
131,Shrikrishna,2021-11-21,Good,5.0,Nice!,5,Positive,Positive,Positive,0.0075496067,0.08052687,0.9119236,0.0,1.0,0.4753
132,Shopper,2021-06-09,"Looks good, haven't tried it out yet",5.0,"Discreet packaging, manufactured this year, expires 2026, made in china, mrp 400",80,Neutral,Neutral,Neutral,0.017898826,0.8664274,0.11567372,0.0,0.0,0.0
133,Zaid,2021-02-05,Privacy is concerned,5.0,Dear sir privacy is most concern...... Product which is use for presonol care .... product name should not mention over the package.......,138,Neutral,Negative,Positive,0.59769833,0.38398325,0.018318474,0.0,0.225,0.7003
134,Samad,2020-09-15,Next best to nothing,5.0,It is a great product and ultra thin.next best to wearing nothing.It is adequately lubricated .can be put on easily and fits good.overall a great product and discreet delivery by amazon to top it.,196,Positive,Positive,Positive,0.0037893497,0.019387541,0.9768231,0.0,0.413,0.9538
135,Naveen,2021-12-29,Not great,2.0,Too thin it pains. Not much lubricant. Not great.,49,Negative,Negative,Negative,0.9223082,0.069526106,0.008165674,0.465,0.0,-0.7264
136,Manoj Verma,2021-10-05,7 out of 10,5.0,All okk...No doubt abt its thinnest quality but not so easy in as far as comfort is concerned,93,Positive,Positive,Negative,0.06416265,0.4546246,0.48121276,0.241,0.135,-0.3701
137,Siddhant thapa,2020-11-21,Invisible as it says,5.0,Its a good product it doesnt feel like its there very thin yet strong. We loved it. The only thing was that it was a little shorter for me,138,Positive,Positive,Positive,0.0068550757,0.034600288,0.9585447,0.059,0.292,0.8502
138,MBMA,2020-08-27,Nothing different from other thin/ultra-thin condoms,3.0,It's like any other ultra thin condom. Nothing special about it.The higher price is not justified per-se.,105,Negative,Negative,Negative,0.859314,0.1296987,0.010987277,0.215,0.119,-0.2537
139,Sudhakar Singh,2020-04-09,Good,4.0,Good but costly,15,Positive,Neutral,Positive,0.29017356,0.53989285,0.1699336,0.352,0.429,0.09
140,kunj Patel,2020-11-21,Product is too much superb,5.0,Product too good for intimate and condom is very thin. Smells good and performance is long lasting.my partner says please buy this condom. No one should like this.,163,Positive,Neutral,Positive,0.29422334,0.39020434,0.31557232,0.061,0.296,0.8126
141,Mite,2021-05-31,You should consider trying it out atleast for once,5.0,I just love the product. It's so thin that you feel you are not wearing one.,76,Positive,Positive,Positive,0.06448842,0.13951045,0.7960011,0.0,0.231,0.6369
142,Jitender ND,2021-07-29,Quality is must important for me,5.0,"Long time romance, feels like real its like not wear",52,Positive,Positive,Positive,0.016234312,0.2941278,0.6896379,0.0,0.551,0.8225
143,Pratyay,2020-08-30,Bruh. I thought Durex made good condoms.,2.0,"It is thin. But not as thin as the word ""Invisible"" implies. Not even remotely. It's almost as thick as any decent branded condom.Also, you won't feel much pleasure.I couldn't cum even after an hour long session.Won't affect the female/receiving partner though.She/he won't have any problems in coming.No irritation or anything like that.I'm very disappointed.",360,Negative,Negative,Negative,0.8257347,0.15071532,0.02355009,0.137,0.093,-0.5997
144,Sabyasachi D.,2021-04-19,Avarage,3.0,Not so good product,19,Negative,Negative,Negative,0.9431557,0.051729843,0.0051144054,0.466,0.0,-0.3865
145,Sarveshkumar Gupta,2021-06-25,Feels good,5.0,Doesn‚Äôt feel that there something when you are doing some emotional act‚Ä¶,72,Neutral,Negative,Positive,0.49698913,0.47795048,0.025060354,0.0,0.127,0.1531
146,Amazon Customer,2021-07-29,Recommended to beginners,5.0,Good üòå. Recommend to beginners to use with condums,50,Positive,Positive,Positive,0.0037499235,0.116266325,0.8799838,0.0,0.435,0.6597
147,Anu ahmad,2020-07-09,This is the best I have ever used,5.0,This is very thin and very good  and v protective also u will get best experience with this condom packing was good and fast delevery by amazonThank u amazon,157,Positive,Positive,Positive,0.0030800104,0.023334248,0.9735858,0.0,0.358,0.9059
148,Rishi singh,2020-09-14,Best product .....,5.0,Best product at best price...new product launch by this brand is just superb...total value of money...at best price..premium packging and premium qualityRecommend to try this new launch product,193,Positive,Positive,Positive,0.0019423008,0.017165963,0.98089176,0.0,0.385,0.9432
149,Karansinh Parmar,2021-10-04,Ok Product,3.0,Ok Product,10,Positive,Neutral,Positive,0.17693205,0.5203392,0.30272877,0.0,0.688,0.296
150,sushil kumar,2021-08-15,It's worth,5.0,Liked it ...It's worth its cost,31,Positive,Positive,Positive,0.0077091856,0.06768064,0.92461014,0.0,0.54,0.5719
151,Amazon Customer,2021-07-24,Excellent product,5.0,Excellent product. Have a real good time with this.,51,Positive,Positive,Positive,0.002158099,0.01472513,0.98311675,0.0,0.524,0.765
152,Subarna,2021-07-07,Excellent product,5.0,Its very thin and feels natural feeling... Good product,55,Positive,Positive,Positive,0.004661404,0.07122191,0.9241167,0.0,0.435,0.6597
153,Premalatha,2021-03-27,Good,3.0,Good,4,Positive,Positive,Positive,0.06079348,0.329428,0.6097785,0.0,1.0,0.4404
154,Santosh Jain,2021-06-26,Good to use,5.0,Very thin condom thanks for this kind of production,51,Positive,Positive,Positive,0.018490303,0.3184332,0.6630765,0.0,0.283,0.4877
155,Valid Purchase,2021-09-05,Total value for money,5.0,It's super thin and feels totally like skin. Best product by Durex so far.,74,Positive,Positive,Positive,0.0014279736,0.02435725,0.9742148,0.0,0.504,0.9033
156,Placeholder,2021-09-01,Real feels!,5.0,It feels amazing.Although it's a bit short but it feels so real that you almost have to check midway.,101,Positive,Positive,Neutral,0.004284251,0.029637795,0.9660779,0.0,0.0,0.0
157,Amazon Customer,2021-05-05,"Good Product , justify the name invisible",5.0,"Good Product must try ,Feel like wearing nothing .But Not Descrite delivery.",76,Positive,Neutral,Positive,0.20695099,0.49274707,0.3003019,0.0,0.27,0.4019
158,Dr. Subhrajit Adhikary,2020-12-26,Not worthy,3.0,I strongly dislike the product. Overpriced.,43,Negative,Negative,Negative,0.9814755,0.015861606,0.002662928,0.338,0.273,-0.128
159,Utsa Choudhury,2021-07-14,Go for it,5.0,It feels like I am wearing air.,31,Positive,Neutral,Positive,0.14341733,0.71848154,0.13810119,0.0,0.333,0.3612
160,Viren,2021-10-01,Nothing special,3.0,Same like other nothing special,31,Positive,Neutral,Positive,0.36098388,0.56645113,0.07256495,0.291,0.322,0.0624
161,Santhanu Mal,2021-07-19,Make sure your privacy on outside of package,2.0,Packaging was good..but the privacy of the product shown on outside of box they have written the product name on box outside..very bad ..not satisfied with the privacy...,170,Negative,Negative,Negative,0.79148275,0.18609542,0.022421792,0.108,0.087,-0.1779
162,Kindle Customer,2021-05-27,Good product,5.0,Near nothing feeling. Good transfer of heat. But price seems unreasonable.,74,Negative,Negative,Negative,0.5837429,0.33891192,0.07734515,0.243,0.0,-0.2235
163,Rajiv ,2021-11-21,worst product,2.0,it tear easily. don't buy it,28,Neutral,Negative,Positive,0.8115547,0.17240508,0.016040273,0.0,0.324,0.34
164,Rohit,2021-08-19,Amazing Experience,5.0,Amazing Experience. Fully Satisfied...,38,Positive,Positive,Positive,0.002498126,0.021765834,0.9757361,0.0,0.559,0.5859
165,om,2021-07-14,Best product but price is high.,5.0,Best product but price is high.,31,Positive,Neutral,Positive,0.20244639,0.45519567,0.34235796,0.0,0.342,0.3818
166,Raj Kumar,2021-12-02,Thickness could be improved,3.0,Na,2,Neutral,Neutral,Neutral,0.26445222,0.52580905,0.20973869,0.0,0.0,0.0
167,Ganesh V Warhade,2021-11-05,Best,5.0,So nice it feels like wearing nothing was a great experience.,61,Positive,Positive,Positive,0.0042185043,0.01096532,0.9848162,0.207,0.352,0.318
168,Techprince82,2021-02-01,Same as others,3.0,Just like usual products,24,Neutral,Negative,Positive,0.5545493,0.41531196,0.030138763,0.0,0.455,0.3612
169,AKASH D.RATHOD,2020-12-28,Item name was mentioned on it. not happy.,3.0,Privacy was not maintained.,27,Negative,Negative,Neutral,0.7096023,0.2795241,0.0108735915,0.0,0.0,0.0
170,Kumar Vikash,2021-07-23,It works,5.0,"Like I said, it works...",24,Positive,Positive,Positive,0.009965038,0.21996564,0.77006936,0.0,0.455,0.3612
171,Harsh ,2020-11-23,No chip chip,5.0,The best part of this condom is there is no greecy lubricant used in it. After use its feel fresh.,98,Positive,Positive,Positive,0.009737066,0.08390885,0.90635407,0.086,0.253,0.6486
172,Sourav Majhi,2021-08-05,Discreet delivery not followed,5.0,Product is good but Discreet delivery not followed.,51,Positive,Neutral,Positive,0.38989642,0.4737612,0.13634238,0.0,0.218,0.2382
173,Dhruvesh Kanakia,2020-12-28,Thinner than Durex Air!,5.0,"Super thin!!! If you can afford it, there's no condom thinner than this in the Indian market.",93,Positive,Positive,Positive,0.064796865,0.4453135,0.48988965,0.1,0.217,0.5538
174,Dr.Arghya Sadhu,2021-04-27,Excellent,5.0,Excellent product .Far better than Durex Air.,45,Positive,Positive,Positive,0.013528386,0.08362776,0.90284383,0.0,0.569,0.765
175,Ron,2021-01-22,Nice,5.0,1st time we used...so happy... almost invisible condom... feeling just like skin tauch...my wife so happy,105,Positive,Positive,Positive,0.0015075047,0.01253104,0.98596144,0.0,0.395,0.8165
176,Raj,2020-06-10,Durex is always good,3.0,Lives up to what it claims,26,Neutral,Neutral,Neutral,0.11784986,0.7798791,0.10227105,0.0,0.0,0.0
177,Deshraj VERMA,2021-07-21,Very nice product,5.0,Very nice product üòä,19,Positive,Positive,Positive,0.00215613,0.017400514,0.9804434,0.0,0.607,0.4754
178,Deshraj VERMA,2021-12-09,Really Invisible,5.0,Great,5,Positive,Positive,Positive,0.03383325,0.26710764,0.6990591,0.0,1.0,0.6249
179,Amazon Customer,2021-10-02,Best condom out there,5.0,Cannot get a thinner condom. Makes sex almost as good as without one.,69,Positive,Positive,Positive,0.05112377,0.2393961,0.70948017,0.0,0.192,0.3862
180,S S B,2021-07-25,Nice product,5.0,Not such thing,14,Negative,Negative,Neutral,0.49675503,0.46554422,0.037700724,0.0,0.0,0.0
181,VIRENDER PRASAD,2021-06-06,Good but still needs improvement,5.0,You won't feel like wearing anything...,39,Negative,Negative,Negative,0.63846266,0.33249447,0.029042823,0.297,0.0,-0.2755
182,karthikrajan,2021-05-06,Best experience,5.0,Best ever experience I had..,28,Positive,Positive,Positive,0.0029853736,0.03096205,0.96605253,0.0,0.583,0.6369
183,pragnesh a pate,2021-08-17,Good,5.0,Good,4,Positive,Positive,Positive,0.06079348,0.329428,0.6097785,0.0,1.0,0.4404
184,Nitin,2022-04-08,Nice,1.0,Nice,4,Positive,Positive,Positive,0.06603809,0.35445273,0.5795092,0.0,1.0,0.4215
185,Megha arora,2021-06-11,Bad quality very bad it burst out,2.0,Dislike,7,Negative,Negative,Negative,0.67235744,0.2859085,0.04173403,1.0,0.0,-0.3818
186,Shubham kamble,2022-07-29,Pack was open only 9 pieces were inside,1.0,Good sensitivity during sex,27,Positive,Neutral,Positive,0.045348067,0.7006715,0.25398043,0.0,0.492,0.4404
187,Shubham kamble,2021-06-20,Good sensitivity Feeling,5.0,Koi jawab ni best,17,Positive,Neutral,Positive,0.077760965,0.7199578,0.20228124,0.0,0.583,0.6369
188,arindam Kar,2021-03-06,best condom present in market,5.0,product quality is very good,28,Positive,Positive,Positive,0.0036951012,0.032825366,0.9634796,0.0,0.444,0.4927
189,Ashish Prasad Mohapatra,2021-07-08,Nice,5.0,Ok,2,Positive,Neutral,Positive,0.17729454,0.5264875,0.29621792,0.0,1.0,0.296
190,Monami Das,2022-04-04,Not worthy,1.0,"it torn during that time, now i have to go for a medication. In which word i should describe i do not know. Just hate this. Please do not buy",141,Neutral,Negative,Positive,0.97186613,0.024929825,0.0032041436,0.065,0.184,0.5608
191,Sharvan Bhati,2021-03-20,Something different others product,5.0,Like itIs amazing product for .......,37,Positive,Positive,Positive,0.0056786654,0.059856106,0.93446517,0.0,0.612,0.743
192,Lithin varghese,2021-07-21,Value of money,5.0,Supper,6,Neutral,Neutral,Neutral,0.24868235,0.6242977,0.12701994,0.0,0.0,0.0
193,jasin,2021-06-25,Ultra thin,5.0,Super ultra thin,16,Positive,Neutral,Positive,0.15090217,0.7215726,0.12752528,0.0,0.661,0.5994
194,Abdul W.,2021-09-06,Not as expected,2.0,"Not good in performance better go with Air if u need slim condom, for long lasting go with mutual climax",104,Positive,Neutral,Positive,0.47298285,0.4827769,0.044240255,0.108,0.13,0.1265
195,rana,2021-12-04,Wow,5.0,Best condom ever I had used,27,Positive,Positive,Positive,0.015349004,0.18146501,0.803186,0.0,0.512,0.6369
196,Aniruddha S Vilekar,2021-05-20,Good Product,5.0,Value For Money. Recommended.,29,Positive,Neutral,Positive,0.034580667,0.6160651,0.34935427,0.0,0.677,0.4939
197,Ahmad Shamim Akhtar,2021-01-27,Great Product,5.0,They really feel great and they feel different than other condoms.,66,Positive,Positive,Positive,0.0027740034,0.025012502,0.9722135,0.0,0.305,0.6573
198,Navneet,2021-02-02,No privacy/ discreet packaging,2.0,Product is good. Bad feedback is for Amazon. Packaging is not discreet at all (it was mentioned that they will keep privacy). The package had product info right on top.,168,Positive,Neutral,Positive,0.28287327,0.40550265,0.31162405,0.097,0.178,0.2263
199,Yk,2021-05-29,Waste of money,5.0,Waste of money,14,Negative,Negative,Negative,0.8968975,0.09192607,0.011176449,0.583,0.0,-0.4215
200,Annasaheb Dhawale,2021-08-07,Good,5.0,Good,4,Positive,Positive,Positive,0.06079348,0.329428,0.6097785,0.0,1.0,0.4404
201,Dr. Pankaj Maijerwar,2020-10-29,The thinnest one available in market.,5.0,Not exactly invisible but thin enough to make you feel bare.,60,Neutral,Neutral,Neutral,0.23182158,0.7086665,0.059511967,0.0,0.0,0.0
202,Amazon Customer,2021-06-07,Awesome,5.0,Awesome,7,Positive,Positive,Positive,0.008337556,0.08382227,0.90784013,0.0,1.0,0.6249
203,R Kumar,2021-10-02,Safe to use,5.0,Good quality and feels safe to use,34,Positive,Positive,Positive,0.003272714,0.08027432,0.91645294,0.0,0.537,0.7003
204,amruta,2020-11-11,Really invisible,5.0,Really invisible but a bit costly.  Lubrication is less compared to skore condoms.,82,Negative,Negative,Negative,0.49939469,0.42940825,0.071197085,0.127,0.0,-0.1531
205,Amazon Customer,2021-04-15,Very thin,5.0,Best product till date,22,Positive,Positive,Positive,0.0032978,0.06071344,0.9359887,0.0,0.583,0.6369
206,ak,2021-05-31,Great,5.0,Good product,12,Positive,Positive,Positive,0.0086584715,0.099322096,0.89201945,0.0,0.744,0.4404
207,Kindle Customer,2021-10-06,üëç,5.0,Superrrrrb,10,Positive,Positive,Neutral,0.021874763,0.21240781,0.7657174,0.0,0.0,0.0
208,Pushpendra Nirvaan,2020-06-12,Tried many more but found this one perfect,5.0,"First condom I found to be used, super thin",43,Positive,Neutral,Positive,0.079431176,0.7142657,0.2063031,0.0,0.358,0.5994
209,Mohit,2021-03-18,"Awesome , you will not even feel that you using something. It is so thin.",5.0,Very good product from Durex.,29,Positive,Positive,Positive,0.0015318656,0.017058713,0.98140943,0.0,0.444,0.4927
210,Amazon Customer,2021-05-06,Good product,5.0,Comfort,7,Positive,Neutral,Positive,0.036864627,0.6401219,0.32301342,0.0,1.0,0.3612
211,Kaustav Mahanta,2021-08-04,Best,5.0,Superb quality products üëå,25,Positive,Positive,Positive,0.0038578364,0.047725137,0.948417,0.0,0.672,0.6249
212,Suraj,2020-09-21,worth,5.0,"thin, ultra thin, air and now invisible. really enjoyed it. now waiting for next....",84,Positive,Positive,Positive,0.0035261137,0.025188997,0.9712849,0.0,0.217,0.5563
213,Yadvender Singh,2021-06-01,Happu,5.0,Very happy with the product. Very enjoyable,43,Positive,Positive,Positive,0.0014798628,0.0072164177,0.9913037,0.0,0.59,0.8012
214,Vikas Choudhary,2021-11-02,"Just wonderful , Go for it ‚ù§Ô∏è",5.0,Totally awesomeGo for It,24,Positive,Positive,Neutral,0.0020448782,0.021130335,0.9768248,0.0,0.0,0.0
215,Balaji,2021-05-21,Nice one,5.0,Good,4,Positive,Positive,Positive,0.06079348,0.329428,0.6097785,0.0,1.0,0.4404
216,amlan kumar,2022-02-17,Not for guys with bigger stuff,1.0,"Very uncomfortable and it didn't roll  to the bottom of shaft.Durex should have different Sizes for different people and not go for "" one size fits all "" approach.",163,Negative,Negative,Negative,0.7767266,0.20707218,0.016201172,0.1,0.0,-0.4391
217,Gogoi Uttam,2021-05-18,Superb,5.0,Superb,6,Positive,Positive,Positive,0.0118907085,0.16899467,0.8191146,0.0,1.0,0.6249
218,Sujit Saha,2021-05-23,Great,5.0,Great,5,Positive,Positive,Positive,0.03383325,0.26710764,0.6990591,0.0,1.0,0.6249
219,Ashish,2021-07-05,Highly recommended,5.0,Excellent product,17,Positive,Positive,Positive,0.017857658,0.15409237,0.82804996,0.0,0.787,0.5719
220,P s.,2021-05-17,Assom,5.0,Good,4,Positive,Positive,Positive,0.06079348,0.329428,0.6097785,0.0,1.0,0.4404
221,AmanDeep Singh,2020-09-20,5  stars because it‚Äôs better then normal one .,5.0,It‚Äôs not that thin.I thought it will get invisible after removing from packet üòÇüòÇüòÇüòÇüòÇüòÇüòÇüòÇüòÇüòÇüòÇ..,91,Neutral,Neutral,Neutral,0.2380919,0.63170266,0.13020548,0.0,0.0,0.0
222,Rakesh Sharma,2021-01-07,Not good,2.0,I use it but u get better option in market,42,Positive,Neutral,Positive,0.06783149,0.6341224,0.2980461,0.0,0.355,0.5927
223,Amazon Customer,2021-12-05,Comfortable,5.0,Love,4,Positive,Positive,Positive,0.05207228,0.35534003,0.5925877,0.0,1.0,0.6369
224,Abhijeet_Singh_Rajput,2021-10-03,Nice,5.0,I liked it,10,Positive,Positive,Positive,0.0055346494,0.06419965,0.9302657,0.0,0.737,0.4215
225,Amazon Customer,2021-05-27,Useless product,2.0,Worst product from durex. It's better to go for ultra thin.,59,Negative,Negative,Negative,0.78290546,0.19163188,0.025462635,0.256,0.181,-0.296
226,satishkadimi,2020-05-11,Not worth at all for that price,2.0,Its just a condom. No proper  lubricant ..nothing special.. Not worth for the moneyof 40 rs for each at all.. Mutual climax is so much better for 28rs..,152,Positive,Neutral,Positive,0.36459774,0.41643268,0.21896957,0.125,0.102,0.0804
227,swarnima,2021-04-24,Good,5.0,üëç,1,Positive,Positive,Neutral,0.029270958,0.38502252,0.5857065,0.0,0.0,0.0
228,Mohammad Shariph,2021-06-02,Rate issue,5.0,Rate is so high.,16,Negative,Negative,Neutral,0.47991875,0.45527077,0.06481054,0.0,0.0,0.0
229,"Beautiful0Destruction , India",2021-03-29,Good,5.0,Good,4,Positive,Positive,Positive,0.06079348,0.329428,0.6097785,0.0,1.0,0.4404
230,Chetali kaura,2021-04-26,O w of the best,5.0,Good,4,Positive,Positive,Positive,0.06079348,0.329428,0.6097785,0.0,1.0,0.4404
231,Keyrthana ,2021-01-31,Does the job ; value for money,5.0,Totally lives upto expectations,31,Neutral,Neutral,Neutral,0.07345084,0.7646166,0.16193257,0.0,0.0,0.0
232,Aaather m.,2021-04-21,Nice,5.0,Nice,4,Positive,Positive,Positive,0.06603809,0.35445273,0.5795092,0.0,1.0,0.4215
233,Abhishek Sehgal,2021-08-04,not worth it,2.0,it is thinbut it is made in china and not good quality,54,Negative,Negative,Negative,0.90468585,0.08908303,0.0062311646,0.179,0.0,-0.3412
234,Muralidhar,2021-02-19,Good...,5.0,Vevy good... quality...,23,Positive,Positive,Neutral,0.010628861,0.19047692,0.7988942,0.0,0.0,0.0
235,Raphael Varghese,2021-07-17,Not worth the money.. Kohinoor is better,2.0,Best one is Kohinoor..,22,Positive,Positive,Positive,0.008660341,0.2332947,0.758045,0.0,0.583,0.6369
236,Jass Gill,2021-05-03,Double mja,5.0,Natural feel,12,Positive,Neutral,Positive,0.15151952,0.6586238,0.18985662,0.0,0.714,0.3612
237,Prathamesh J.,2021-03-23,Very good,5.0,Very good,9,Positive,Positive,Positive,0.0052738073,0.042851735,0.9518745,0.0,0.762,0.4927
238,RISHI KUMAR,2021-03-21,Good,5.0,Good,4,Positive,Positive,Positive,0.06079348,0.329428,0.6097785,0.0,1.0,0.4404
239,Sarath lucky,2020-08-29,Nice,5.0,So thin that we can't put it easily.. Nice product,50,Positive,Positive,Positive,0.12700753,0.3172845,0.555708,0.0,0.237,0.4215
240,gagan,2021-02-17,Good product,5.0,Good product,12,Positive,Positive,Positive,0.0086584715,0.099322096,0.89201945,0.0,0.744,0.4404
241,INDRAJIT MONDAL,2021-08-25,Waste of money,1.0,"The description given about condoms is not correct at all. It's like a normal condom. If you want to waste money, you can buy such condoms. I did not find any special comfort in using this condom. I have used better condoms (durex products) at lower prices.",257,Neutral,Negative,Positive,0.7770774,0.20014268,0.022779893,0.136,0.172,0.2363
242,Akash raj,2021-02-13,Osm,5.0,Very nice,9,Positive,Positive,Positive,0.0050327876,0.03819715,0.95677006,0.0,0.756,0.4754
243,Shrikant,2022-05-03,this condom because it's break !!!,1.0,Please don't buy this condom because it's break. It's very risky condom and that price is very high üëéüèº,102,Neutral,Negative,Positive,0.91232973,0.080921,0.0067492924,0.098,0.108,0.0534
244,Michael Mandal,2021-04-03,Best,5.0,Best,4,Positive,Positive,Positive,0.059447307,0.42256674,0.517986,0.0,1.0,0.6369
245,abdullah,2020-10-31,Awesome feeling,5.0,Superb feeling...feel like u r wearing nothing...,49,Positive,Positive,Positive,0.031603675,0.19251214,0.77588415,0.0,0.688,0.765
246,C B Prasad,2021-05-13,Shown and written not up to the mark,2.0,Rate higher product not up mark,31,Neutral,Neutral,Neutral,0.10876381,0.8007606,0.0904756,0.0,0.0,0.0
247,mujib khan,2020-12-25,Great product,5.0,Best product of durex,21,Positive,Positive,Positive,0.0026513631,0.07106168,0.92628694,0.0,0.583,0.6369
248,Chetan Goel,2021-01-02,Full satisfied,5.0,Ultimate experience,19,Positive,Positive,Neutral,0.015218213,0.29469052,0.6900912,0.0,0.0,0.0
249,Sahadev Roy,2021-01-27,Good product,5.0,Goood product,13,Positive,Positive,Neutral,0.006754393,0.1130103,0.8802353,0.0,0.0,0.0
250,jayapal,2022-04-18,Money weast,1.0,Not worth this price go for choosing Air Condom best.,53,Positive,Neutral,Positive,0.31681505,0.4980874,0.18509755,0.12,0.303,0.5475
251,chintan,2021-11-03,Good,2.0,Good but smale like rubber and lubricants are low as wanted,59,Neutral,Negative,Positive,0.5249498,0.43776262,0.03728763,0.167,0.328,0.3716
252,PRASANTA SAIKIA,2021-01-16,No comparison,5.0,Nice product,12,Positive,Positive,Positive,0.010234005,0.096474685,0.89329135,0.0,0.737,0.4215
253,Abhishek,2020-11-29,Best_till_now__,5.0,Best product in market.,23,Positive,Positive,Positive,0.0049762237,0.10765031,0.8873735,0.0,0.583,0.6369
254,Jigar Bhabhor,2021-11-25,Wrost product,1.0,"It's a look like duplicate item,. I Used it and every time its cracking, out of 10 pieces 7 are damaged at a time without useüôÑ,Pls stop to sell this type of product,",165,Neutral,Negative,Positive,0.93557495,0.05916968,0.005255399,0.087,0.132,0.125
255,Anant,2020-11-19,Thinnest condom,5.0,Thinnest condom ever used.,26,Neutral,Neutral,Neutral,0.16291311,0.7166146,0.12047231,0.0,0.0,0.0
256,Raja U.,2020-11-11,Good product,5.0,Try karo good product,21,Positive,Positive,Positive,0.011453411,0.4454617,0.54308486,0.0,0.492,0.4404
257,Shehroz,2022-02-13,Waste of money,1.0,"Please don‚Äôt buy online get it fromOffline market.Quality is not good, lubricant is not proper.",95,Negative,Negative,Neutral,0.942322,0.052617073,0.0050609983,0.136,0.13,-0.0274
258,Mtj,2020-10-20,thickness,5.0,thinnest durex ever used.Amazing,32,Positive,Positive,Neutral,0.006408283,0.098398045,0.89519376,0.0,0.0,0.0
259,Shahid,2021-04-01,Feels like nothing,5.0,Must try,8,Neutral,Neutral,Neutral,0.049770955,0.7277201,0.22250895,0.0,0.0,0.0
260,vinnie w,2021-06-01,Real deal,5.0,8/10,4,Neutral,Neutral,Neutral,0.04488905,0.5093244,0.4457866,0.0,0.0,0.0
261,Prathik Shetty,2020-10-28,Must Try,5.0,Total value for money,21,Positive,Neutral,Positive,0.059108697,0.57076627,0.37012506,0.0,0.444,0.34
262,Pavas Pandey,2021-01-16,2019 make product received,2.0,2019 make received. Intimate products like these should recently manufactured,77,Positive,Neutral,Positive,0.047930725,0.6575606,0.29450876,0.0,0.217,0.3612
263,akash,2021-01-13,Use At your own risk,2.0,Not easy to ise it would not roll down easily,45,Negative,Negative,Negative,0.70993197,0.2651581,0.02490999,0.357,0.0,-0.5334
264,Ben johnson,2020-11-28,Just ask your partner üòâ,5.0,Excellent product,17,Positive,Positive,Positive,0.017857658,0.15409237,0.82804996,0.0,0.787,0.5719
265,RAHUL,2022-04-18,The lubricant was missing,1.0,Lubricant was missing in the package,36,Negative,Negative,Negative,0.6596287,0.3286282,0.01174307,0.306,0.0,-0.296
266,PVSS Sarma,2020-11-22,Very good,5.0,Very good,9,Positive,Positive,Positive,0.0052738073,0.042851735,0.9518745,0.0,0.762,0.4927
267,neo,2020-11-17,Ultimate,5.0,Very nice,9,Positive,Positive,Positive,0.0050327876,0.03819715,0.95677006,0.0,0.756,0.4754
268,Xxx,2020-01-12,Good,5.0,Good,4,Positive,Positive,Positive,0.06079348,0.329428,0.6097785,0.0,1.0,0.4404
269,Rahul Kulkarni,2022-02-05,Worst product from Durex.,1.0,Worst product,13,Negative,Negative,Negative,0.9411231,0.052466847,0.006409956,0.804,0.0,-0.6249
270,Rahul Kulkarni,2020-03-11,not so great.... even the Durex Air and Skynn are far better,2.0,not so great.... even the Durex Air and Skynn are far better. very less lubricated,82,Neutral,Negative,Positive,0.5448068,0.34484988,0.110343285,0.0,0.172,0.4404
271,Sham,2020-11-11,No,5.0,Good,4,Positive,Positive,Positive,0.06079348,0.329428,0.6097785,0.0,1.0,0.4404
272,parkchanwoo,2020-02-11,Amazing üòçüòçüòç,5.0,Best quality,12,Positive,Positive,Positive,0.024410639,0.3431856,0.63240373,0.0,0.808,0.6369
273,GOLI JYOTSNA KUMARI,2020-11-13,Feel real,5.0,Nice,4,Positive,Positive,Positive,0.06603809,0.35445273,0.5795092,0.0,1.0,0.4215
274,V Chand,2020-01-11,Good,5.0,Good,4,Positive,Positive,Positive,0.06079348,0.329428,0.6097785,0.0,1.0,0.4404
275,Shabbir Ali,2022-04-27,Waste product,1.0,Waste product,13,Negative,Negative,Negative,0.88133615,0.108341135,0.010322709,0.737,0.0,-0.4215
276,Manu,2022-03-01,Non lubrication,1.0,Non lubrication and during sex fat gyaIsse bekar aur kya ho sakta hai,69,Neutral,Neutral,Neutral,0.1974161,0.7701726,0.032411322,0.0,0.0,0.0
277,Raghubir verma,2020-10-19,Good,5.0,Good,4,Positive,Positive,Positive,0.06079348,0.329428,0.6097785,0.0,1.0,0.4404
278,ARUNAVA GHOSH,2021-05-30,Properly written on the package outside that it's condom inside!,1.0,"Very awkward, harassing behavior by Amazon, very very ashamed because of amazon! There was properly written outside the package that it's condom inside! Never recommend for a online shop, Never gonna buy again!",210,Negative,Negative,Negative,0.9532573,0.04084352,0.0058991797,0.295,0.081,-0.8729
279,Riyaz,2020-08-29,Good product,5.0,Very thin and strong product.,29,Positive,Positive,Positive,0.012556991,0.2638979,0.72354513,0.0,0.471,0.552
280,Abid,2022-03-29,Nothing good.. same as cheap quality,1.0,Same as cheap quality,21,Negative,Negative,Neutral,0.5788261,0.39599803,0.025175776,0.0,0.0,0.0
281,Jadeja,2020-12-17,No,2.0,Not safe,8,Negative,Negative,Negative,0.8586911,0.13182981,0.00947908,0.706,0.0,-0.3412
282,Customer,2020-10-24,Average,2.0,Worth it .some are not in size.,31,Positive,Neutral,Positive,0.23271629,0.6674242,0.09985951,0.0,0.241,0.2263
283,Vipnverma,2020-10-14,Name,2.0,Don't described product name on delivering packet outside,57,Neutral,Neutral,Neutral,0.46494055,0.51788205,0.01717743,0.0,0.0,0.0
284,Amazon Customer,2021-12-02,Condom Breaks,1.0,This condom tore while having inter course and we had to use a contraceptive pill the next day. Didn't expect something like this from a brand like Durex. I bought this despite reading the negative reviews and it was a mistake,226,Negative,Negative,Negative,0.84747803,0.13925408,0.013267891,0.155,0.07,-0.3863
285,Rishi Faj,2020-08-15,Hands down the best condom!,5.0,Fits perfectly...feels super thin...and almost is invisible..the best condom I have ever used.,94,Positive,Positive,Positive,0.0054331548,0.055490617,0.9390762,0.0,0.439,0.8332
286,Rajasekaran,2021-02-10,Please do not use...,1.0,"Last week... I attended my girl friend.. it's torn... ü•∫ üò° don't use this type of condom... Use extra safety condom... ,üôè",120,Neutral,Negative,Positive,0.7007481,0.2674463,0.031805582,0.0,0.135,0.4215
287,Sambath Kumar,2020-09-09,Unbelievable. Experience,5.0,Love,4,Positive,Positive,Positive,0.05207228,0.35534003,0.5925877,0.0,1.0,0.6369
288,Randheer Singh,2020-08-25,Its super thin,5.0,Ultimate one. Totally enjoyed.,30,Positive,Positive,Positive,0.0037945774,0.029707827,0.96649766,0.0,0.545,0.5563
289,Sandeep Pathare,2021-08-11,Accidental Dad,1.0,Condoms burst so if you wanna be accidental parents than surely buy worst product :((,85,Negative,Negative,Negative,0.9264344,0.068299085,0.00526648,0.266,0.143,-0.3612
290,Th Prem singh,2021-06-12,I want  the remaining 2 packets,1.0,,0,Neutral,Neutral,Neutral,0.25829428,0.45127237,0.2904333,0.0,0.0,0.0
291,Abhilash DS,2022-02-21,Poor quality,1.0,"
                    The media could not be loaded.
                ",68,Negative,Negative,Neutral,0.6206097,0.33166793,0.047722343,0.0,0.0,0.0
292,Muzammil,2021-10-16,Wasted money,1.0,¬†I have order for 3 packet but only one l have received..,57,Neutral,Neutral,Neutral,0.30999938,0.6483435,0.04165712,0.0,0.0,0.0
293,Prashant kumar,2021-04-21,Hated the product.,1.0,Broke twice.  Poor quality,26,Negative,Negative,Negative,0.89954734,0.09159455,0.008858098,0.747,0.0,-0.7096
294,Ashutosh K.,2020-09-14,not good product,2.0,I dont even know if it is for men. The size may fit boys,56,Positive,Neutral,Positive,0.19064158,0.7350204,0.07433794,0.0,0.172,0.3612
295,Yogesh,2020-10-09,Overpriced,2.0,Worse product ever . Hated it. Don't use this . It just smash your safety and is the most unsafe protection ever. It burst while using leaving you and your partner in trouble.,175,Negative,Negative,Negative,0.9767799,0.020532282,0.0026878242,0.251,0.07,-0.802
296,NEEL SAHA,2021-04-24,Worst product of Durex,1.0,thin....bt size not appropriate,31,Negative,Negative,Neutral,0.7720708,0.21720037,0.010728867,0.0,0.0,0.0
297,Vipin Bhati,2020-08-26,low quality,1.0,Ok ok product... Overpriced,27,Neutral,Negative,Positive,0.80460894,0.17592196,0.0194691,0.0,0.688,0.5267
298,Vinod Joshi,2021-06-28,No discreet delivery as promised,1.0,"When it was supposed to be discreet delivery, how come you mentioned product description on the package. Its highly irresponsible.",130,Negative,Negative,Negative,0.86732465,0.1224294,0.01024594,0.144,0.0,-0.4927
299,Amazon Customer,2022-02-13,Fake products deliver,1.0,Fake product,12,Negative,Negative,Negative,0.8542125,0.1374319,0.008355554,0.756,0.0,-0.4767
300,Vinod Rathod,2021-07-19,Poor by seller,1.0,Not at all discreet. The item details printed in bold on the packaging. Very poor by seller.,92,Negative,Negative,Negative,0.9070962,0.086595826,0.006308017,0.162,0.124,-0.2006
301,Rajdeep,2021-02-15,‚ò†Ô∏è‚ò†Ô∏è‚ò†Ô∏èCaution‚ò†Ô∏è‚ò†Ô∏è‚ò†Ô∏è,1.0,‚ò†Ô∏è‚ò†Ô∏è‚ò†Ô∏èCaution‚ò†Ô∏è‚ò†Ô∏è‚ò†Ô∏èDo not purchase you cannot rely on this condom. It bursted. This is for amateur ones who lasts only for few minutes in bed. I hope everyone reads this.,170,Neutral,Negative,Positive,0.8565344,0.13148165,0.011983899,0.0,0.097,0.4404
302,Anonymous,2021-02-09,Worst Product ! Bad quality!,1.0,Tearing one after another due to its lightness and it's not worth the money.,76,Negative,Negative,Negative,0.8631297,0.12842771,0.008442585,0.114,0.0,-0.1695
303,djay,2021-06-22,NOT DISCREET AT ALL.,1.0,It‚Äôs mentioned on the package that it‚Äôs a condom therefore not at all discreet as promised by the seller.,105,Positive,Neutral,Positive,0.4691336,0.50129336,0.029573051,0.0,0.128,0.3612
304,Dhiman ,2021-09-16,"Nothing special, just like modifies campaign",1.0,Only advertisement nothing special.bogus product. MF or score is far better.,76,Positive,Neutral,Positive,0.16317992,0.47867396,0.35814607,0.0,0.225,0.4404
305,Sanjay jangir,2021-12-05,Costly items,1.0,Too much costly as mantioned mrp..total item price is rs908...and i have to paid rs 1256..cant bear so much extravagent...disguisting,133,Negative,Negative,Negative,0.8304486,0.15532501,0.01422637,0.072,0.0,-0.1027
306,Juber khatri,2022-01-28,Don't buy,1.0,Fat gaya,8,Negative,Negative,Neutral,0.5740308,0.37788224,0.04808692,0.0,0.0,0.0
307,Abhimanyu ,2021-05-20,My sum is that it is was not comfort it is too small,1.0,It is not a good condomIt is too expensive but not best it is too small size,76,Negative,Negative,Negative,0.9436084,0.05184197,0.004549591,0.309,0.0,-0.7395
308,Pranshu Sharma,2021-10-04,wasteful and poor quality,1.0,"Too poor , dont buy it. even in first stroke it got torn out. Very cheap and waste product.Please see other option.",115,Negative,Negative,Negative,0.94272465,0.051237345,0.006038013,0.312,0.0,-0.8
309,Dr Frac,2021-03-28,not much,1.0,"package wasnt discreet, not that ""invisible"" as they mention..  durex air is much better , skyn is the only brand worth price",125,Positive,Positive,Positive,0.14269799,0.42023334,0.43706864,0.0,0.202,0.5859
310,Subhojit Mallik,2021-01-10,Will surely break,1.0,Use this if you want to father unwanted children.,49,Negative,Negative,Negative,0.72539306,0.2648052,0.009801809,0.186,0.127,-0.1531
311,HOTEL RUDRAKSHA INN,2021-11-26,High risk.usually breaks.will never recommend this product,1.0,"Quality is not good,it breaks",29,Negative,Negative,Neutral,0.965965,0.030260717,0.0037743244,0.0,0.0,0.0
312,Amazon Customer,2021-02-02,Waste of money,1.0,This is the worst product I have ever seenI tried to return but non returnable productsAs my opinion this is waste of money,123,Negative,Negative,Negative,0.98231035,0.015591366,0.00209838,0.238,0.0,-0.7391
313,Amazon Customer,2020-04-11,"Old product, bad odour",1.0,Old Product manufactured - Aug 2019.Packets in box degenerated probably due to inadequate storage causing deterioration.Bad odour on opening first pouch.Amazon prompt in accepting and providing refund,200,Negative,Negative,Neutral,0.8706597,0.1200549,0.0092853,0.092,0.089,-0.0258
314,GOTJ,2020-11-26,Keep emergency contraceptive standby,1.0,So thin that you don‚Äôt feel a thing until u realise that thing has burst. Till now 5 out of 7 have burst. Stopped using it now,126,Negative,Negative,Negative,0.7667956,0.213003,0.020201467,0.079,0.0,-0.2263
315,Anon,2021-05-15,Use at your own risk.,1.0,These break. It would be advisable to use regular ones. Scary!Durex. Never again!,81,Negative,Negative,Neutral,0.745845,0.21937318,0.034781836,0.0,0.0,0.0
316,Rocinante,2020-06-09,MADE IN CHINA PRODUCT...,1.0,AMAZON SHOWS IT MANUFACTURE IN INDIA. BUT IT ACTUALLY MADE IN CHINE PRODUCT. DONT TRUSTITS BURN LITTLE BIT. AND SILICON BASE,124,Positive,Neutral,Positive,0.4382337,0.48017722,0.081589125,0.0,0.063,0.09
317,Gaurang Vadhvana,2021-11-29,Ver poor quality products. I am wastage my money.,1.0,Quantity product not good,25,Negative,Negative,Negative,0.95375705,0.041866764,0.004376185,0.445,0.0,-0.3412
318,Amazon Customer,2021-11-29,Not a trustworthy product,1.0,It breaks in between,20,Neutral,Neutral,Neutral,0.13375399,0.76231587,0.1039301,0.0,0.0,0.0
319,Vivek Dixit,2021-07-19,It's tears offs,1.0,Quality of product is not upto mark it's tears of mostly,56,Negative,Negative,Negative,0.79116344,0.20064938,0.0081871785,0.16,0.0,-0.2263
320,Pradhymn,2021-01-04,Torn/broken while using,1.0,Torn while using such a worst product. It was broken while using do not buy this product,88,Negative,Negative,Negative,0.9664766,0.0301365,0.003386912,0.414,0.0,-0.8481
321,zameer,2021-10-13,Not good,1.0,Other durex cdms are good,25,Positive,Positive,Positive,0.002299612,0.04718825,0.9505121,0.0,0.42,0.4404
322,Ekta,2021-03-27,"Horrible product, never buy",1.0,Horrible... Got torn twice... Never buy this as it doesn't do what's it meant to...,83,Negative,Negative,Negative,0.9670862,0.029054934,0.0038588068,0.125,0.0,-0.25
323,Ray,2021-07-05,No Discreet Delivery,1.0,No Discreet Delivery. The item name is clearly mentioned in the outer box.,74,Positive,Neutral,Positive,0.27816397,0.67300177,0.04883424,0.138,0.17,0.128
324,Dushyant Teni,2020-12-28,Overpriced,1.0,Not as great as Durex have promoted this variant of Condoms...its just like a normal condom... highly overpriced...,115,Neutral,Negative,Positive,0.91823846,0.07336573,0.008395788,0.146,0.235,0.2514
325,Alomgir Shaikh,2021-11-23,Bad bad bad very very bad. Poor quality,1.0,Poor quality,12,Negative,Negative,Negative,0.8493654,0.13626666,0.014367857,0.756,0.0,-0.4767
326,MR VIVEK,2020-09-28,Burst,1.0,"Not as good as durex thin/ultra thin, it breaks very easily.Do not buy, it is rubbish and not at all safe.",106,Negative,Negative,Negative,0.9599082,0.035322245,0.0047695558,0.202,0.0,-0.5875
327,Amazon Customer,2021-07-20,Quality is poor,1.0,Quality is not upto mark. Waste of money,40,Neutral,Negative,Positive,0.913199,0.07964689,0.007154102,0.0,0.25,0.3252
328,Amazon Customer,2020-11-20,Its really bad one and its doesn't cover all the way..  its feel very irritating after putting on,1.0,Its really bad one and its doesn't cover all the way..  its feel very irritating after putting on,97,Negative,Negative,Negative,0.9698981,0.026587939,0.003513998,0.307,0.0,-0.7956
329,MAYUR SAHU,2021-03-16,100% Failure rate. Do not buy.,1.0,Worst condom I ever used. Failure rate 100%. Also not ease to wear.,67,Negative,Negative,Negative,0.9758674,0.021770548,0.0023620361,0.514,0.0,-0.8594
330,Vijay,2021-08-08,Not satisfied,1.0,It's vest product not wothebal...,33,Neutral,Neutral,Neutral,0.3531944,0.61375016,0.033055436,0.0,0.0,0.0
331,Anukool K,2021-02-18,No discreet delivery,1.0,No discreet delivery by amazon..item type condom is clearly mentioned on the package.,85,Positive,Neutral,Positive,0.37094426,0.5511998,0.07785597,0.138,0.17,0.128
332,SJ,2021-01-13,Not discreet delivery .,1.0,Not discreet delivery. It‚Äôs clearly written in bold letters. Delivery guy knows what u just got üòÉ,97,Positive,Neutral,Positive,0.24782658,0.62235314,0.12982026,0.0,0.29,0.6486
333,Haresh Muliya,2021-06-22,They are not maintaining privacy,1.0,Product name was mentioned on the box,37,Neutral,Neutral,Neutral,0.14057201,0.7878856,0.07154237,0.0,0.0,0.0
334,p gopalakrishna,2021-10-04,Privacy is not maintained,1.0,Product name is mentioned on the product. Privacy is not maintained,67,Negative,Negative,Neutral,0.77236444,0.21634886,0.011286722,0.0,0.0,0.0
335,BIDHAN CHAKRABORTY,2021-10-01,Not discreet,1.0,The content of the package was written. Then why do you claim that the delivery will be discreet.,97,Neutral,Neutral,Neutral,0.4059425,0.56299174,0.031065697,0.0,0.0,0.0
336,Narayansingh,2021-03-31,West of money,1.0,Very bad experience west of money and pay money get risk,56,Negative,Negative,Negative,0.90340424,0.09197694,0.004618804,0.477,0.0,-0.7425
337,T123,2021-01-25,Package not Discreet!!,1.0,Item Type is not hidden and clearly mentioned the content in Bold letters.,74,Positive,Neutral,Positive,0.035061013,0.6743927,0.29054624,0.142,0.164,0.088
338,MOHD AKHLAQ,2021-09-17,ü§®,1.0,Product Mismatch,16,Neutral,Neutral,Neutral,0.13574132,0.8043409,0.05991779,0.0,0.0,0.0
339,Rojin,2021-04-05,"No discreet packaging, condom written on the packaging",1.0,No discreet packaging. Condom written on the cover,50,Neutral,Neutral,Negative,0.2439269,0.6909974,0.06507563,0.239,0.0,-0.296
340,Rojin,2021-09-13,Bad product,1.0,Bad product,11,Negative,Negative,Negative,0.8861536,0.10368255,0.010163856,0.778,0.0,-0.5423
341,Tapan Yadav,2021-08-29,It's worst,1.0,Don't buy,9,Neutral,Neutral,Neutral,0.47255534,0.48802358,0.039421044,0.0,0.0,0.0
342,arul g,2020-10-12,Waste of money,1.0,Not useful waste of useNot worthyNot value for moneyDon't buy,61,Neutral,Negative,Positive,0.96711147,0.030023254,0.002865291,0.17,0.335,0.3239
343,Praveen,2020-09-21,Waste of money,1.0,"No big change, same like others i have wasted my money ...pls use ur money wisely",81,Negative,Negative,Neutral,0.746747,0.22735849,0.025894534,0.249,0.244,-0.0258
344,Kamlesh Jaiswal,2021-05-13,NOT a discreet package.,1.0,It was definitely NOT a discreet delivery.,42,Neutral,Negative,Positive,0.75865686,0.2286683,0.012674795,0.0,0.351,0.4019
345,Amazon Customer,2021-04-22,Safety..,1.0,It broke every time.Untrusted.Please don't buy.,47,Negative,Negative,Negative,0.9272747,0.06756138,0.00516401,0.359,0.0,-0.4215
346,Amazon Customer,2020-09-16,Don‚Äôt buy,1.0,Don‚Äôt buy ! Rest is up to u. No feel no length no value for money,65,Negative,Negative,Negative,0.52270496,0.43837422,0.038920783,0.34,0.118,-0.5411
347,Real review only ,2020-09-12,Not for use,1.0,Not able to wear properly and not stick properly comes out every time.,70,Negative,Negative,Neutral,0.924614,0.071744815,0.0036411548,0.0,0.0,0.0
348,Vijay,2021-02-03,Durex Air a better option,1.0,"Not as good as Durex Air, fit ain't good",40,Negative,Negative,Negative,0.9590905,0.037378136,0.0035314374,0.361,0.188,-0.3208
349,rajveer kumar yadav,2021-07-02,‡§¨‡§π‡•Å‡§§ ‡§¨‡•á‡§ï‡§æ‡§∞,1.0,‡§´‡§ü ‡§ó‡§Ø‡§æ ‡§∏‡§æ‡§≤‡§æ ‡§¨‡•Ä‡§ö ‡§Æ‡•á‡§Ç ‡§π‡•Ä ‡§¨‡•á‡§ï‡§æ‡§∞ ‡§π‡•à ‡§Ø‡•á ‡§ï‡§Ç‡§°‡•ã‡§Æ,40,Neutral,Neutral,Neutral,0.17163205,0.7998907,0.028477281,0.0,0.0,0.0
350,Satis,2020-11-13,,1.0,,0,Neutral,Neutral,Neutral,0.25829428,0.45127237,0.2904333,0.0,0.0,0.0
351,Deepak P.,2021-11-06,Waste of money,1.0,Not as expected tear when wear all the timeWorst product from durex,67,Negative,Negative,Neutral,0.93420637,0.06092383,0.004869852,0.0,0.0,0.0
352,Loganathan,2021-01-30,Too thin is risky,1.0,Too thin is risky,17,Negative,Negative,Negative,0.72538894,0.26100874,0.013602301,0.375,0.0,-0.2023
353,Rahul Dawra,2021-03-17,Product detail is clearly mentioned in package,1.0,Item type mentioned as condom in package clearly üò§,50,Neutral,Negative,Positive,0.56157506,0.41637447,0.02205049,0.0,0.278,0.4019
354,Rahul Dawra,2021-01-25,Open and Empty Box Received,1.0,Received an open and empty box. Highly disappointed,51,Negative,Negative,Negative,0.95533127,0.04075026,0.0039185183,0.464,0.0,-0.6361
355,Rk,2021-04-14,Waste,1.0,Waste of money. Recommend not to buy this product.,50,Negative,Negative,Negative,0.95650727,0.03908554,0.004407209,0.228,0.203,-0.0772
356,Anil Kharwa,2021-11-04,Good,1.0,Good but not Upto the mark...,29,Positive,Neutral,Positive,0.35826254,0.5711403,0.07059707,0.0,0.281,0.2382
357,Himanshu,2021-05-22,Open box,1.0,Received open box wit 2 missing,31,Neutral,Neutral,Negative,0.110013016,0.85016686,0.039820153,0.355,0.0,-0.296
358,ABHISHEK S.,2021-01-14,"It will get damaged,bit risky to use",1.0,"It will get damaged ,you can trust this product",47,Neutral,Negative,Positive,0.6500378,0.31272206,0.03724008,0.22,0.25,0.1027
359,rohit gandhi,2021-01-30,Pathetic,1.0,Useless product..... better go for Climax....Durex another product,66,Negative,Negative,Neutral,0.7853375,0.18359366,0.031068787,0.239,0.248,0.0258
360,Amit Kumar,2021-06-13,Don‚Äôt Trust,1.0,It tears,8,Neutral,Neutral,Negative,0.36739162,0.5243424,0.10826599,0.655,0.0,-0.2263
361,Saj,2021-04-22,Low quality,1.0,Low quality product..,21,Negative,Negative,Negative,0.82925487,0.15714188,0.013603177,0.512,0.0,-0.2732
362,Chetna singh,2021-04-04,Performance not good,1.0,Not good in use...,18,Negative,Negative,Negative,0.9067682,0.0855275,0.007704307,0.445,0.0,-0.3412
363,Amazon Customer,2020-09-11,Bad experience,1.0,The product name is clearly mentioned as condom in outside label.,65,Positive,Neutral,Positive,0.2510918,0.7181506,0.030757584,0.0,0.213,0.4019
364,Shamim Khan,2021-04-20,I didn't like,1.0,I didn't like,13,Negative,Negative,Negative,0.9021319,0.09089217,0.00697592,0.678,0.0,-0.2755
365,Private,2020-10-22,Dont buy,1.0,Worst condom i have ever used it burst while intercourse,56,Negative,Negative,Negative,0.9582243,0.038327537,0.0034481403,0.339,0.0,-0.6249
366,Lr. Agartsang K. Gonpo,2021-04-04,Size is so small . Feel comfortable with sex.,1.0,It‚Äôs too small.......!!!!!,26,Negative,Negative,Neutral,0.7131478,0.24294043,0.0439118,0.0,0.0,0.0
367,Anonymous,2021-03-14,Disappointed,1.0,Disappointed. Uncomfortable and tight,37,Negative,Negative,Negative,0.91616094,0.0754485,0.008390573,0.74,0.0,-0.6908
368,suneel tiwari,2020-04-11,wastage of money,1.0,Wastage of money. Cost is much more then quality.,49,Negative,Negative,Neutral,0.70400554,0.27362174,0.022372724,0.0,0.0,0.0
369,GRIDHARILAL BISWAS,2021-04-28,Very bad products,1.0,West of money.....,18,Neutral,Neutral,Neutral,0.405052,0.5420367,0.05291133,0.0,0.0,0.0
370,varun,2020-12-23,No discreet delivery,1.0,No discreet delivery. Product type is clearly visible.,54,Positive,Neutral,Positive,0.3840346,0.5634358,0.052529607,0.202,0.248,0.128
371,Rakeshkumar,2021-03-28,Poor quality,1.0,Poor quality,12,Negative,Negative,Negative,0.8493654,0.13626666,0.014367857,0.756,0.0,-0.4767
372,ARYAN,2021-12-01,It broke üôÑüò†,1.0,It just broke.,14,Negative,Negative,Negative,0.8415959,0.1458451,0.012559064,0.583,0.0,-0.4215
373,manoj kumar,2020-11-23,Bad quality,1.0,It's not upto the mark,22,Neutral,Neutral,Neutral,0.44315943,0.52048314,0.036357466,0.0,0.0,0.0
374,MANOJ GAUTAM,2020-10-31,Teared during use,1.0,It teared during use,20,Neutral,Neutral,Neutral,0.21997657,0.72261757,0.05740585,0.0,0.0,0.0
375,Amazon Customer,2021-05-03,"bad experience,revealing the item",1.0,bad,3,Negative,Negative,Negative,0.5937843,0.33322722,0.072988495,1.0,0.0,-0.5423
376,üëë,2020-05-11,Terrible product,1.0,"Pathetic product, don't buy it",30,Negative,Negative,Negative,0.9455643,0.05086473,0.0035709443,0.481,0.0,-0.5719
377,RB,2020-11-29,Tight,1.0,Very tight n uncomfortable,26,Negative,Negative,Negative,0.7250768,0.25931168,0.015611493,0.59,0.0,-0.4364
378,Sathishkumar.T,2020-10-18,Very bad quality,1.0,The quality is very bad,23,Negative,Negative,Negative,0.9687874,0.028389482,0.0028231537,0.487,0.0,-0.5849
379,Ashish Rx,2020-02-10,Bad product,1.0,Insensitive and bad quality,27,Negative,Negative,Negative,0.87758034,0.11322878,0.009190939,0.73,0.0,-0.6597
380,Arun,2020-09-22,Worst,1.0,It get failure don't buy this,29,Negative,Negative,Negative,0.8949788,0.09759707,0.007424165,0.398,0.0,-0.5106
381,Dr.Tarun,2020-12-16,Don't buy,1.0,Not good,8,Negative,Negative,Negative,0.94779027,0.046876527,0.00533326,0.706,0.0,-0.3412
382,Sarthak T.,2022-10-07,Low quality,2.0,Did not expect Durex to provide such cheap quality. Quite risky to use!!! Also it's not comforting at all seriously üôè,117,Negative,Negative,Negative,0.943711,0.0509705,0.0053185187,0.29,0.0,-0.712
383,Sanjay Kumar,2020-04-10,Only advertising,1.0,Only advertising,16,Neutral,Neutral,Neutral,0.36993852,0.57430685,0.055754624,0.0,0.0,0.0
384,Amit,2020-07-09,Very very bad quality,1.0,Very bad quality,16,Negative,Negative,Negative,0.9263067,0.06584615,0.0078470325,0.655,0.0,-0.5849
385,Nirmalya Roy,2021-06-12,Little bit discomfort felt,4.0,Thought he oroduct is invisible amd good but there is a little bit discomfort caused after 3to 4 minutes. But no leak problem so far,132,Neutral,Neutral,Negative,0.19582719,0.52172244,0.28245035,0.39,0.06,-0.8953
386,Mohit,2021-04-23,Not good,3.0,It was not good as I expected,29,Negative,Negative,Negative,0.96279967,0.032788996,0.004411416,0.325,0.0,-0.3412
387,Atanu Barman,2022-03-06,I'm satisfied,5.0,"It's super, very very good...I also used this product ...I am very very happy..Me and my partner satisfied .. thank you",119,Positive,Positive,Positive,0.0013373673,0.005963108,0.99269956,0.0,0.338,0.8481
388,Sharath,2022-04-02,Worst condom of the year,5.0,Don‚Äôt buy very worst quality and lube less condom won‚Äôt slippery very dry in less seconds it will torn very quick but at your own risk,134,Negative,Negative,Negative,0.48415652,0.433835,0.08200843,0.229,0.0,-0.7047
389,Unknown,2021-09-10,Third class service from amazom,1.0,"‡§§‡•Ä‡§® ‡§¨‡§æ‡§∞ ‡§™‡•ç‡§∞‡•ã‡§°‡§ï‡•ç‡§ü ‡§Ü‡§∞‡•ç‡§°‡§∞ ‡§ï‡§∞ ‡§¶‡§ø‡§è ‡§≤‡•á‡§ï‡§ø‡§® ‡§°‡§ø‡§≤‡•Ä‡§µ‡§∞‡•Ä ‡§¨‡•ç‡§µ‡•â‡§Ø ‡§¨‡§ø‡§®‡§æ ‡§ï‡§ø‡§∏‡•Ä ‡§∏‡•Ç‡§ö‡§®‡§æ ‡§ï‡•á ‡§ë‡§∞‡•ç‡§°‡§∞ ‡§ï‡•ã ‡§ï‡•à‡§Ç‡§∏‡§ø‡§≤ ‡§ï‡§∞ ‡§ï‡•á, ‡§™‡•ç‡§∞‡•ã‡§°‡§ï‡•ç‡§ü ‡§ï‡•ã ‡§∞‡§ø‡§ü‡§∞‡•ç‡§® ‡§ï‡§∞ ‡§¶‡•á‡§§‡§æ ‡§π‡•à ‡§Ö‡§ó‡§∞ ‡§Ø‡§π‡•Ä ‡§∏‡§∞‡•ç‡§µ‡§ø‡§∏ ‡§Ö‡§Æ‡•á‡§ú‡§º‡§® ‡§ï‡•ã ‡§¶‡•á‡§®‡•Ä ‡§π‡•à ‡§§‡•ã ‡§π‡§Æ‡§æ‡§∞‡•á ‡§∏‡•á ‡§Ü‡§∞‡•ç‡§°‡§∞ ‡§ï‡•ç‡§Ø‡•ã‡§Ç ‡§≤‡§ø‡§Ø‡§æ ‡§ú‡§æ‡§§‡§æ ‡§π‡•à ,‡§™‡§π‡§≤‡•á ‡§§‡•ã ‡§™‡•ç‡§∞‡•Ä‡§™‡•á‡§° ‡§ï‡§∞‡•ã, ‡§´‡§ø‡§∞ ‡§â‡§∏‡§ï‡•á ‡§¨‡§æ‡§¶  ‡§ñ‡•Å‡§¶ ‡§π‡•Ä ‡§ë‡§∞‡•ç‡§°‡§∞ ‡§ï‡•à‡§Ç‡§∏‡§ø‡§≤ ‡§ï‡§∞‡§ï‡•á ‡§π‡§Æ‡•á‡§Ç ‡§∞‡§ø‡§´‡§Ç‡§° ‡§ï‡§æ ‡§µ‡•á‡§ü  ‡§ï‡§∞‡§µ‡§æ‡§ì lThird class service from Amazonüò°üò°üò°üò°",314,Neutral,Neutral,Neutral,0.18603079,0.7764965,0.03747272,0.0,0.0,0.0
390,Tits popper,2021-10-30,,5.0,,0,Neutral,Neutral,Neutral,0.25829428,0.45127237,0.2904333,0.0,0.0,0.0
391,Tits popper,2021-04-07,It is really invisible i didn't find anything from inside üëÅÔ∏èüëÑüëÅÔ∏è,1.0,Bought in local pharmacy. Cost is slightly lower in Amazon but this is like 35 rs per condom which is double the cost of the Durex air. Condom is definitely thinner but not double the cost worth thin.Also this is made in China. Other Durex variants are manufactured locally by ttk healthcare.Verdict : Don't waste ur hard earned money. Buy Durex air which is less than half of this and also India made.,402,Positive,Neutral,Positive,0.2563059,0.5699452,0.17374884,0.018,0.182,0.9073
392,Amazon Customer,2020-09-22,China made and not worth it,5.0,"Although it is invisible, it does not make your thing invisible.It is ultra thin, just as claimed.Almost feels like raw sex.Couples who have already used ultrathin condoms from other brand will feel slight improvement.Couples trying ultrathin condom for the first time will be overwhelmed.In short, highly recommended.",318,Positive,Positive,Positive,0.051688835,0.38135287,0.56695825,0.0,0.093,0.5563
393,Wise Customer,2021-02-17,"Sadly, doesn't make your thing invisible.",5.0,Just like bare penis. Best ever.Been with the brand(Durex) for two years now and never felt my choice. Of all this is the best. Both male and female.,149,Positive,Positive,Positive,0.0060956585,0.033609297,0.960295,0.0,0.304,0.8979
394,Imeka Z Awomi,2020-10-20,Must get it!,1.0,"If u want buy a good condom, please don't ever really on this one. I haven't seen such a rediculous product. I think the maker's sole priority was how thin it could but not protection. Therefore, it breaks during intercourse and you will not get to know it. If u don't want to be in a serious trouble, please don't buy this Condom. You could try other condom but please not The Durex Thin and Air Condom.",404,Neutral,Negative,Positive,0.76174384,0.2159627,0.022293428,0.063,0.153,0.6249
395,Divyansh,2020-08-12,Rediculous product. Breaks during Intercourse,5.0,It will give u a sexy feeling while inserting your ***** in your partner's ***** . I will recommend to buy this . Just amazing . üçÜüçÜüçëüçë,133,Positive,Positive,Positive,0.0024652567,0.023543876,0.9739908,0.0,0.397,0.8807
396,Mr. Devadeep,2020-11-26,üëÑüëÑüíãüí¶üëôüíÑüë†,5.0,"These are the best condoms i have experienced. You will get to feel the natural pleasure. Though the price is on highr side, you will certainly not regret.",155,Positive,Positive,Positive,0.0034099524,0.029978814,0.9666112,0.0,0.408,0.9341
397,Chintan Sanghvi,2020-08-11,Best Condoms,5.0,Very thin. Very soft. Good strength. Great feeling. Good packaging. Good product by durex . No flavour and very natural.,120,Positive,Positive,Positive,0.0027065414,0.043465223,0.9538282,0.064,0.618,0.9595
398,MR Buttt,2022-01-21,Worse than the Worst,1.0,Worst ever condom... It bursts. Don't buy it. It is totally a wastage of money.Bakwaas kism ka condom hai ye.,109,Negative,Negative,Negative,0.9417255,0.05262504,0.0056495015,0.186,0.0,-0.6249
399,Neha Gupta,2020-12-30,The condom broke,1.0,"The condom broke, and I am shocked. I absolutely hate this product :( but oh well take care guys before using it",112,Neutral,Negative,Positive,0.9761663,0.020784859,0.0030488023,0.276,0.24,0.2391
400,Sandeep,2020-11-23,Very weak,1.0,Thin as well as very weak so vry risky to use it.so u preffer thiness or safety its up to you.,94,Negative,Negative,Negative,0.5968655,0.38509032,0.018044172,0.201,0.187,-0.0954
401,Anmol dhanota,2020-08-14,best,5.0,Please buy UV light or polarized glasses....its invisible from naked eye ....its like wearing Air,97,Positive,Neutral,Positive,0.29493108,0.5498517,0.15521726,0.0,0.27,0.5859
402,Kartik,2022-04-22,Wow,5.0,"It's as if you aren't wearing anything, the thinnest condom currently available. Once you use this you won't go back to any other extra thin condoms.",149,Neutral,Neutral,Neutral,0.35725534,0.5311038,0.11164085,0.0,0.0,0.0
403,ALOKRANJAN,2022-06-04,Good product.,4.0,Thing and value for money.,26,Positive,Neutral,Positive,0.10706461,0.73191655,0.16101891,0.0,0.375,0.34
404,El Patron,2021-08-31,True to its name.,5.0,Feel and fit are good. Maximum feel as if nothing is worn.,58,Positive,Positive,Positive,0.011341764,0.09995733,0.8887009,0.0,0.447,0.7421
405,Gokulnath P,2022-08-17,Nice and feels good,5.0,Good to go,10,Positive,Positive,Positive,0.0057376465,0.07476069,0.91950166,0.0,0.592,0.4404
406,Arun Sharma,2022-10-13,Worth buying it this product finishing is very good and price is very reasonable,5.0,Worth buying it this product finishing is very good and price is very reasonable,80,Positive,Positive,Positive,0.0018048558,0.014928323,0.98326683,0.0,0.298,0.624
407,Ashutosh,2020-08-09,The Best,4.0,"Its invisible , can't judge using or not at that moment, Quality awesome, plain , very thin condom lovely!",106,Positive,Positive,Positive,0.019366357,0.098070025,0.8825636,0.0,0.36,0.8575
408,Pavlos Mcstine,2021-01-10,"Well, you know it's thin so it feels like you didn't wear anything",5.0,"For the people that likes to go raw and protect themselves, they should use this one, it feels like you are not wearing anything yet protected",142,Positive,Neutral,Positive,0.2765548,0.65166557,0.07177967,0.0,0.329,0.8689
409,HIMANSHU,2021-04-03,Gud,5.0,Good,4,Positive,Positive,Positive,0.06079348,0.329428,0.6097785,0.0,1.0,0.4404
410,Purchaser,2020-08-11,Does 90% of what it says,5.0,Quite thin. Feels great. Quality seems better than other brands. However the lube could have been a bit better.,111,Positive,Positive,Positive,0.026722731,0.15927385,0.8140034,0.0,0.404,0.8797
411,Aadil Boga,2022-12-18,Incredibly invisible.,5.0,Doesn‚Äôt feel like you are wearing oneüòÅ,38,Positive,Neutral,Positive,0.37967896,0.541419,0.07890207,0.0,0.294,0.3612
412,Faizan-ul Islam Salafi,2021-08-23,"It's useless, don't buy",1.0,Useless quality,15,Negative,Negative,Negative,0.9247554,0.06606446,0.009180123,0.737,0.0,-0.4215
413,rahul,2020-09-21,It is very e useful for your safety,5.0,What a brilliant product made by Durex as per its name ultra thin it's very thin in using intimate time... my partner is shocked and she asking me abt i puted it or nt really like invisible.. nice condom.. and a big pack in reliable price,238,Positive,Positive,Positive,0.015718002,0.06840816,0.9158739,0.045,0.19,0.8104
414,Deepali Kaushik,2020-09-21,Super comfortable,5.0,"The is the best condom i have used till date, super fine, comfortable. It is lubricated and gives extra pleasure cos it doesn't feel like a condom is being used. The lube doesn't dry up that fast, Will reorder again for sure",224,Positive,Positive,Positive,0.0037313933,0.024136646,0.9721319,0.039,0.354,0.9523
415,Nishant,2020-09-21,Good Purchase,5.0,What an absolute condom it is. Too smooth and thin as described. A truely awesome experience using it. One can easily put it on without much of an effort. It is so soft that I doesn't feel that I have put it on. I am gonna use it for a while now. Highly recommended and safe.,275,Positive,Positive,Positive,0.012474742,0.057047963,0.93047726,0.0,0.2,0.8947
416,ashish,2020-07-09,Lovely,5.0,Durex invisible super ultra thin is very nice product.it feels very well.its ultra thin layer is so smooth to do freely .it is good to romanch.its plastic is very ultra safe and nonbreakable .it gave real enjyo.,211,Positive,Positive,Positive,0.002322261,0.019918043,0.97775966,0.0,0.333,0.943
417,imrandroid,2020-09-21,very good,5.0,very good,9,Positive,Positive,Positive,0.0060826945,0.045706194,0.9482112,0.0,0.762,0.4927
418,imrandroid,2020-09-21,very good,5.0,very good,9,Positive,Positive,Positive,0.0060826945,0.045706194,0.9482112,0.0,0.762,0.4927
419,c.almeida,2022-12-30,Good,5.0,Good product.,13,Positive,Positive,Positive,0.006978365,0.06630202,0.92671955,0.0,0.744,0.4404
420,sanobar imam,2021-07-16,cheap price,3.0,value of money,14,Positive,Neutral,Positive,0.23073182,0.61773354,0.15153462,0.0,0.545,0.34
421,Anto patrex,2021-09-05,Not big enough,3.0,This doesn't even fit. Too small. Please make larger condoms. The lubrication is good inside the condoms. So consider the feedback and manufacture bigger ones.,159,Neutral,Negative,Positive,0.46026704,0.406539,0.13319394,0.072,0.177,0.4749
422,M Dutta,2021-12-26,Best in range.,5.0,Absolutely best fit. And does its job well. Much smoother experience. Almost like bareback. Almost. But from a prevention of pregnency point of view absolutely necessary.,170,Positive,Positive,Positive,0.014009916,0.13433912,0.85165095,0.0,0.271,0.6993
423,Kumar anand soni,2020-04-09,Just invisible and fantastic feel.,5.0,"Well durex no doubt the bestest brand i have ever used. And this product of it is extra remarkably best as These condoms are amazing! Thin and perfectly lubricated. They feel fantastic, like wearing nothing at all or almost invisible. The lack of typical condom odor is wonderful as well.I love these, very easy to put on and unexpectedly didn't' break so that's a bonus . No latex smell and a great buy and you'll keep coming back for more.",441,Positive,Positive,Positive,0.0021854225,0.0069201603,0.99089444,0.084,0.363,0.987
424,R.J.Radadiya,2021-10-27,Invisible For üç≠Hulküôä,5.0,Fully Satisfied,15,Positive,Positive,Positive,0.0039888564,0.06500244,0.9310087,0.0,0.756,0.4754
425,An,2020-09-29,‚ù§Ô∏è,5.0,It feels too good.,18,Positive,Positive,Positive,0.0029076003,0.019748384,0.977344,0.0,0.492,0.4404
426,Gagan Aggrwal,2021-05-16,üëçüëç,5.0,Prefer to buy again,19,Neutral,Neutral,Neutral,0.08180234,0.7338969,0.18430082,0.0,0.0,0.0
427,Kookie,2021-09-29,It's just wow! Good experience.,5.0,"So smooth, it's just like human body",36,Positive,Positive,Positive,0.019511443,0.27962467,0.7008639,0.0,0.294,0.3612
